49_x,49_y,50_x,50_y,51_x,51_y,52_x,52_y,53_x,53_y,54_x,54_y,55_x,55_y,56_x,56_y,57_x,57_y,58_x,58_y,59_x,59_y,60_x,60_y,61_x,61_y,62_x,62_y,63_x,63_y,64_x,64_y,65_x,65_y,66_x,66_y,67_x,67_y,68_x,68_y,class_id
259,541,30,-1,-14,22,21,117,30,112,42,150,-5,106,5,88,13,-78,44,-81,-5,-15,-10,-20,6,-77,4,-76,33,121,0,-14,10,116,11,129,18,186,37,136,0
259,541,30,-1,-14,22,21,117,30,112,42,150,-5,106,5,88,13,-78,44,-81,-5,-15,-10,-20,6,-77,4,-76,33,121,0,-14,10,116,11,129,18,186,37,136,0
261,539,30,-3,-14,23,21,115,30,110,42,148,-5,103,5,85,13,-81,44,-83,-5,-15,-10,-19,6,-80,4,-79,33,120,0,-14,10,113,11,126,18,186,38,135,0
261,539,30,-3,-14,23,21,115,30,110,42,148,-5,103,5,85,13,-81,44,-83,-5,-15,-10,-19,6,-80,4,-79,33,120,0,-14,10,113,11,126,18,186,38,135,0
262,541,31,-1,-14,22,22,117,31,112,44,152,-5,104,6,85,14,-79,47,-79,-5,-15,-10,-20,7,-78,4,-76,34,123,0,-13,10,115,12,128,19,188,39,138,0
261,542,31,-3,-15,22,21,114,30,108,43,146,-5,104,5,85,14,-79,45,-82,-5,-15,-10,-20,7,-79,5,-77,34,118,0,-14,10,114,11,126,18,184,38,133,0
261,542,31,-3,-15,22,21,114,30,108,43,146,-5,104,5,85,14,-79,45,-82,-5,-15,-10,-20,7,-79,5,-77,34,118,0,-14,10,114,11,126,18,184,38,133,0
261,542,30,-1,-15,21,22,115,30,110,43,150,-5,105,5,86,13,-78,44,-82,-5,-16,-10,-21,7,-77,4,-77,34,120,0,-14,10,115,11,128,19,188,38,136,0
260,542,30,-3,-15,22,22,115,30,110,44,149,-5,103,5,85,12,-82,44,-83,-5,-15,-10,-20,5,-81,3,-80,34,120,0,-14,10,113,12,127,19,186,39,135,0
260,542,30,-3,-15,22,22,115,30,110,44,149,-5,103,5,85,12,-82,44,-83,-5,-15,-10,-20,5,-81,3,-80,34,120,0,-14,10,113,12,127,19,186,39,135,0
261,542,30,-1,-16,22,20,118,29,113,42,152,-6,105,4,87,14,-80,47,-78,-5,-15,-10,-20,7,-80,5,-79,33,124,0,-14,9,117,10,129,17,188,37,139,0
260,541,29,-3,-14,22,21,115,29,111,42,151,-6,103,4,86,12,-83,43,-83,-5,-15,-10,-20,5,-82,2,-81,33,121,-1,-14,9,114,10,127,17,188,37,137,0
260,541,29,-3,-14,22,21,115,29,111,42,151,-6,103,4,86,12,-83,43,-83,-5,-15,-10,-20,5,-82,2,-81,33,121,-1,-14,9,114,10,127,17,188,37,137,0
261,543,30,0,-14,21,22,118,30,113,43,155,-5,106,5,88,13,-80,46,-77,-5,-16,-10,-21,6,-80,3,-79,34,124,0,-14,10,116,11,129,19,190,38,140,0
261,543,30,0,-14,21,22,118,30,113,43,155,-5,106,5,88,13,-80,46,-77,-5,-16,-10,-21,6,-80,3,-79,34,124,0,-14,10,116,11,129,19,190,38,140,0
261,541,30,-2,-15,22,21,115,30,110,43,149,-6,105,5,85,13,-79,45,-81,-5,-15,-10,-20,6,-78,3,-77,33,120,0,-14,10,115,11,128,18,186,38,135,0
260,542,30,-2,-15,22,21,115,29,110,42,149,-6,105,4,86,13,-79,45,-81,-5,-15,-10,-20,6,-78,4,-77,33,120,0,-14,9,114,10,127,17,187,37,135,0
260,542,30,-2,-15,22,21,115,29,110,42,149,-6,105,4,86,13,-79,45,-81,-5,-15,-10,-20,6,-78,4,-77,33,120,0,-14,9,114,10,127,17,187,37,135,0
260,542,30,-1,-16,22,21,117,30,112,43,152,-6,105,5,87,13,-79,45,-79,-5,-15,-11,-20,6,-78,3,-77,33,122,-1,-14,9,115,11,128,18,189,38,138,0
262,542,31,-1,-15,21,22,115,31,110,44,149,-5,103,6,85,14,-78,47,-80,-5,-16,-10,-20,7,-76,5,-75,34,120,0,-14,10,114,12,127,19,186,39,136,0
261,543,30,-1,-15,23,20,118,29,113,42,152,-6,106,4,88,13,-78,46,-80,-5,-15,-10,-20,6,-77,4,-76,32,123,0,-14,9,117,10,130,17,188,37,138,0
261,543,31,-1,-15,23,21,120,30,115,43,152,-6,107,5,88,13,-80,46,-81,-5,-15,-10,-20,7,-79,4,-78,34,125,0,-14,10,119,11,132,18,189,38,139,0
261,543,31,-1,-15,23,21,120,30,115,43,152,-6,107,5,88,13,-80,46,-81,-5,-15,-10,-20,7,-79,4,-78,34,125,0,-14,10,119,11,132,18,189,38,139,0
261,541,31,-2,-15,22,21,116,30,111,43,148,-6,103,5,84,14,-79,46,-81,-5,-15,-10,-20,7,-78,4,-77,33,121,0,-14,10,114,11,127,18,184,38,135,0
261,541,31,-2,-15,22,21,116,30,111,43,148,-6,103,5,84,14,-79,46,-81,-5,-15,-10,-20,7,-78,4,-77,33,121,0,-14,10,114,11,127,18,184,38,135,0
261,542,31,-3,-15,22,22,113,31,108,44,146,-5,102,5,83,14,-78,46,-81,-5,-15,-10,-19,7,-77,5,-76,35,118,0,-14,10,112,12,125,19,184,39,133,0
260,545,30,-2,-15,22,22,116,30,111,43,149,-5,105,5,86,13,-79,45,-81,-5,-15,-10,-20,6,-78,4,-77,34,121,0,-14,10,115,11,128,18,187,38,136,0
260,545,30,-2,-15,22,22,116,30,111,43,149,-5,105,5,86,13,-79,45,-81,-5,-15,-10,-20,6,-78,4,-77,34,121,0,-14,10,115,11,128,18,187,38,136,0
260,543,29,-3,-15,22,21,116,29,111,42,147,-6,105,4,86,12,-78,44,-81,-5,-15,-10,-20,6,-77,3,-76,33,121,0,-14,9,115,10,128,17,184,37,135,0
260,543,29,-3,-15,22,21,116,29,111,42,147,-6,105,4,86,12,-78,44,-81,-5,-15,-10,-20,6,-77,3,-76,33,121,0,-14,9,115,10,128,17,184,37,135,0
260,543,30,0,-15,22,21,117,30,112,43,152,-6,106,5,88,13,-79,45,-78,-5,-15,-10,-20,6,-78,4,-77,33,122,0,-14,9,116,11,129,18,188,38,138,0
260,543,30,0,-15,22,21,117,30,112,43,152,-6,106,5,88,13,-79,45,-78,-5,-15,-10,-20,6,-78,4,-77,33,122,0,-14,9,116,11,129,18,188,38,138,0
260,541,31,-1,-15,22,20,117,29,111,42,149,-6,105,4,86,14,-78,46,-83,-5,-15,-10,-20,8,-77,5,-76,32,121,0,-13,9,116,10,128,17,186,37,136,0
260,541,31,-1,-15,22,20,117,29,111,42,149,-6,105,4,86,14,-78,46,-83,-5,-15,-10,-20,8,-77,5,-76,32,121,0,-13,9,116,10,128,17,186,37,136,0
261,545,30,-1,-14,22,22,117,30,112,43,150,-4,106,5,87,12,-79,44,-81,-5,-15,-10,-20,5,-78,3,-77,34,122,0,-13,11,116,12,129,19,188,38,137,0
261,545,30,-1,-14,22,22,117,30,112,43,150,-4,106,5,87,12,-79,44,-81,-5,-15,-10,-20,5,-78,3,-77,34,122,0,-13,11,116,12,129,19,188,38,137,0
259,545,30,-2,-15,23,21,119,30,114,43,152,-6,107,4,87,13,-81,45,-81,-5,-15,-10,-20,6,-81,3,-80,34,124,0,-14,10,118,11,131,18,190,38,139,0
259,545,30,-2,-15,23,21,119,30,114,43,152,-6,107,4,87,13,-81,45,-81,-5,-15,-10,-20,6,-81,3,-80,34,124,0,-14,10,118,11,131,18,190,38,139,0
258,544,30,0,-15,21,21,116,29,111,42,153,-6,104,4,87,13,-79,44,-77,-5,-15,-10,-20,6,-78,4,-77,33,121,0,-14,9,115,11,128,18,189,37,138,0
258,544,30,0,-15,21,21,116,29,111,42,153,-6,104,4,87,13,-79,44,-77,-5,-15,-10,-20,6,-78,4,-77,33,121,0,-14,9,115,11,128,18,189,37,138,0
259,545,30,-3,-14,24,22,117,30,111,43,149,-5,107,5,87,12,-83,45,-87,-5,-15,-10,-20,6,-82,3,-81,34,120,0,-14,10,117,11,129,18,188,38,136,0
259,545,30,-3,-14,24,22,117,30,111,43,149,-5,107,5,87,12,-83,45,-87,-5,-15,-10,-20,6,-82,3,-81,34,120,0,-14,10,117,11,129,18,188,38,136,0
258,547,30,-1,-14,21,22,118,31,113,44,151,-4,107,5,87,13,-78,44,-79,-5,-16,-10,-20,6,-77,3,-76,34,123,0,-14,11,117,12,130,19,189,39,138,0
257,544,30,-2,-16,21,21,115,29,109,43,148,-6,104,4,85,13,-77,44,-80,-6,-15,-11,-20,7,-76,4,-75,33,120,-1,-14,9,114,10,127,18,185,38,135,0
257,544,30,-2,-16,21,21,115,29,109,43,148,-6,104,4,85,13,-77,44,-80,-6,-15,-11,-20,7,-76,4,-75,33,120,-1,-14,9,114,10,127,18,185,38,135,0
256,547,29,-2,-15,22,20,118,29,113,41,152,-6,106,4,88,12,-79,44,-78,-5,-15,-10,-20,5,-78,3,-77,32,123,-1,-14,9,116,10,129,17,188,37,138,0
256,547,29,-2,-15,22,20,118,29,113,41,152,-6,106,4,88,12,-79,44,-78,-5,-15,-10,-20,5,-78,3,-77,32,123,-1,-14,9,116,10,129,17,188,37,138,0
257,548,30,-1,-14,22,22,117,30,112,43,153,-5,106,5,87,13,-79,44,-80,-5,-15,-10,-20,6,-78,4,-77,34,123,0,-14,10,116,11,130,19,191,38,139,0
256,548,30,0,-14,21,20,117,29,112,41,153,-6,105,4,88,13,-77,43,-78,-5,-16,-10,-21,6,-76,4,-75,32,122,0,-14,9,116,10,129,17,189,37,139,0
256,548,30,0,-14,21,20,117,29,112,41,153,-6,105,4,88,13,-77,43,-78,-5,-16,-10,-21,6,-76,4,-75,32,122,0,-14,9,116,10,129,17,189,37,139,0
255,547,29,0,-15,20,20,115,28,110,41,152,-6,106,4,88,13,-77,43,-78,-5,-16,-11,-21,6,-77,4,-76,32,120,-1,-14,9,115,10,128,17,189,36,137,0
255,547,29,0,-15,20,20,115,28,110,41,152,-6,106,4,88,13,-77,43,-78,-5,-16,-11,-21,6,-77,4,-76,32,120,-1,-14,9,115,10,128,17,189,36,137,0
255,546,29,-2,-15,22,21,115,30,110,42,148,-5,104,4,85,12,-80,43,-80,-5,-15,-11,-20,6,-79,3,-78,33,120,-1,-14,10,114,11,127,18,185,37,135,0
255,546,29,-2,-15,22,21,115,30,110,42,148,-5,104,4,85,12,-80,43,-80,-5,-15,-11,-20,6,-79,3,-78,33,120,-1,-14,10,114,11,127,18,185,37,135,0
255,548,29,-2,-16,23,20,116,29,111,41,150,-7,105,4,87,12,-79,43,-78,-6,-15,-11,-20,6,-78,3,-77,32,121,-1,-14,8,115,10,128,16,187,36,136,0
255,548,29,-2,-16,23,20,116,29,111,41,150,-7,105,4,87,12,-79,43,-78,-6,-15,-11,-20,6,-78,3,-77,32,121,-1,-14,8,115,10,128,16,187,36,136,0
256,550,30,0,-14,21,21,119,29,113,42,153,-5,108,5,89,13,-77,42,-77,-5,-15,-10,-20,6,-77,3,-76,33,123,0,-14,10,118,11,131,18,189,37,139,0
256,550,30,0,-14,21,21,119,29,113,42,153,-5,108,5,89,13,-77,42,-77,-5,-15,-10,-20,6,-77,3,-76,33,123,0,-14,10,118,11,131,18,189,37,139,0
255,548,29,0,-15,21,19,116,28,110,41,151,-7,106,3,88,12,-78,43,-78,-5,-15,-10,-20,6,-77,3,-76,31,120,-1,-14,8,115,9,128,16,188,36,137,0
256,549,30,-2,-14,22,22,117,30,112,43,149,-5,107,5,87,13,-78,44,-79,-5,-15,-10,-20,6,-76,3,-75,34,122,0,-14,10,117,12,130,19,186,38,136,0
256,549,30,-2,-14,22,22,117,30,112,43,149,-5,107,5,87,13,-78,44,-79,-5,-15,-10,-20,6,-76,3,-75,34,122,0,-14,10,117,12,130,19,186,38,136,0
255,550,29,0,-14,21,21,117,29,112,41,152,-6,107,4,88,12,-76,42,-77,-5,-15,-10,-20,5,-75,2,-74,32,122,-1,-13,9,117,11,130,18,189,37,138,0
255,550,29,0,-14,21,21,117,29,112,41,152,-6,107,4,88,12,-76,42,-77,-5,-15,-10,-20,5,-75,2,-74,32,122,-1,-13,9,117,11,130,18,189,37,138,0
254,549,28,-2,-15,21,20,115,29,110,41,149,-6,105,4,87,11,-79,41,-77,-6,-16,-11,-20,5,-79,2,-78,32,120,-1,-14,9,114,10,127,17,186,36,135,0
254,549,28,-2,-15,21,20,115,29,110,41,149,-6,105,4,87,11,-79,41,-77,-6,-16,-11,-20,5,-79,2,-78,32,120,-1,-14,9,114,10,127,17,186,36,135,0
254,546,29,-2,-14,22,20,113,29,108,41,148,-6,102,4,84,13,-79,43,-81,-5,-15,-10,-19,6,-79,4,-78,32,118,0,-13,9,111,10,124,17,185,36,134,0
254,546,29,-2,-14,22,20,113,29,108,41,148,-6,102,4,84,13,-79,43,-81,-5,-15,-10,-19,6,-79,4,-78,32,118,0,-13,9,111,10,124,17,185,36,134,0
253,550,28,-1,-14,22,19,117,28,111,39,152,-7,107,3,88,11,-79,40,-80,-5,-15,-10,-20,5,-78,2,-77,31,122,0,-14,8,116,9,130,16,190,35,138,0
255,547,30,-1,-14,21,21,116,29,111,42,150,-6,105,4,86,13,-78,44,-77,-4,-15,-10,-21,7,-78,4,-77,33,121,0,-14,10,115,11,128,18,185,37,136,0
254,548,29,-1,-14,22,21,116,29,111,41,151,-6,106,4,87,12,-80,42,-78,-5,-16,-10,-21,6,-79,3,-78,33,121,0,-14,10,116,11,129,18,188,37,137,0
254,548,29,-1,-14,22,21,116,29,111,41,151,-6,106,4,87,12,-80,42,-78,-5,-16,-10,-21,6,-79,3,-78,33,121,0,-14,10,116,11,129,18,188,37,137,0
253,549,28,1,-14,21,20,117,28,112,40,153,-6,105,3,88,12,-77,41,-76,-5,-15,-10,-20,6,-76,3,-75,31,122,0,-13,9,115,10,128,16,189,35,139,0
253,549,28,1,-14,21,20,117,28,112,40,153,-6,105,3,88,12,-77,41,-76,-5,-15,-10,-20,6,-76,3,-75,31,122,0,-13,9,115,10,128,16,189,35,139,0
254,547,29,-1,-14,22,21,116,29,110,41,149,-5,105,4,86,12,-80,42,-80,-5,-15,-10,-20,6,-80,3,-79,32,120,0,-13,9,115,11,128,17,185,36,135,0
254,548,29,0,-14,21,21,117,29,112,41,150,-6,106,4,87,12,-78,42,-78,-5,-15,-10,-20,5,-77,3,-76,32,122,0,-14,9,116,11,129,17,186,36,137,0
255,550,30,2,-14,20,21,119,29,114,42,156,-5,108,4,89,13,-76,43,-75,-4,-16,-10,-22,7,-75,4,-74,33,124,0,-14,10,118,11,131,18,192,37,141,0
256,547,30,0,-14,22,21,116,29,111,42,150,-5,106,4,87,13,-77,42,-79,-5,-15,-10,-20,7,-76,4,-75,33,121,0,-13,10,116,11,129,18,188,37,136,0
255,549,29,-2,-14,23,21,119,29,113,41,151,-6,108,4,88,11,-81,43,-79,-5,-15,-10,-20,4,-80,2,-79,33,124,-1,-14,9,118,11,131,17,188,37,138,0
255,549,29,-2,-14,23,21,119,29,113,41,151,-6,108,4,88,11,-81,43,-79,-5,-15,-10,-20,4,-80,2,-79,33,124,-1,-14,9,118,11,131,17,188,37,138,0
256,547,29,-2,-14,21,20,115,29,110,41,152,-6,104,4,86,13,-79,43,-80,-5,-16,-10,-21,6,-78,3,-77,32,121,0,-14,9,114,10,127,17,189,37,137,0
256,547,29,-2,-14,21,20,115,29,110,41,152,-6,104,4,86,13,-79,43,-80,-5,-16,-10,-21,6,-78,3,-77,32,121,0,-14,9,114,10,127,17,189,37,137,0
256,548,29,-2,-14,22,21,116,29,111,41,149,-6,105,4,86,13,-78,43,-78,-5,-15,-10,-19,6,-77,4,-76,32,121,0,-14,9,115,11,128,17,185,37,136,0
256,549,29,-1,-14,21,21,117,30,112,42,153,-5,107,4,88,12,-78,42,-79,-5,-16,-10,-20,6,-76,3,-75,33,123,0,-14,10,117,11,130,18,190,37,139,0
256,549,29,-1,-14,21,21,117,30,112,42,153,-5,107,4,88,12,-78,42,-79,-5,-16,-10,-20,6,-76,3,-75,33,123,0,-14,10,117,11,130,18,190,37,139,0
256,546,29,-2,-14,22,21,116,29,111,42,150,-6,105,4,86,12,-80,43,-83,-5,-15,-10,-20,5,-79,3,-78,33,121,0,-13,9,115,11,128,18,187,37,136,0
256,546,29,-2,-14,22,21,116,29,111,42,150,-6,105,4,86,12,-80,43,-83,-5,-15,-10,-20,5,-79,3,-78,33,121,0,-13,9,115,11,128,18,187,37,136,0
255,546,29,-3,-14,22,20,114,28,109,40,148,-6,104,3,85,12,-81,42,-84,-5,-15,-10,-20,5,-80,3,-79,32,119,0,-14,9,114,10,127,17,186,36,134,0
255,547,28,0,-15,21,19,116,28,110,40,150,-7,105,3,84,12,-78,42,-80,-5,-15,-11,-21,5,-77,3,-76,31,121,-1,-14,8,115,9,128,16,186,36,136,0
255,547,28,0,-15,21,19,116,28,110,40,150,-7,105,3,84,12,-78,42,-80,-5,-15,-11,-21,5,-77,3,-76,31,121,-1,-14,8,115,9,128,16,186,36,136,0
256,548,29,-1,-14,22,21,115,29,109,41,146,-5,105,4,84,12,-78,42,-79,-5,-15,-10,-20,5,-76,2,-75,32,119,0,-14,10,115,11,127,17,182,36,133,0
256,548,29,-3,-14,23,20,114,29,108,41,144,-6,106,4,85,12,-79,42,-81,-5,-15,-10,-19,5,-78,3,-76,32,118,0,-14,9,115,10,127,17,183,36,132,0
256,548,29,-3,-14,23,20,114,29,108,41,144,-6,106,4,85,12,-79,42,-81,-5,-15,-10,-19,5,-78,3,-76,32,118,0,-14,9,115,10,127,17,183,36,132,0
255,547,29,-2,-14,22,21,116,29,111,41,150,-5,105,4,86,12,-81,42,-81,-5,-16,-10,-20,5,-80,2,-79,33,121,0,-14,10,115,11,128,18,188,37,136,0
255,547,29,-2,-14,22,21,116,29,111,41,150,-5,105,4,86,12,-81,42,-81,-5,-16,-10,-20,5,-80,2,-79,33,121,0,-14,10,115,11,128,18,188,37,136,0
255,548,29,-2,-14,22,21,113,29,108,41,151,-6,103,4,87,12,-79,42,-80,-5,-15,-10,-19,5,-78,3,-77,33,118,0,-13,9,112,11,125,18,188,37,136,0
255,548,29,-2,-14,22,21,113,29,108,41,151,-6,103,4,87,12,-79,42,-80,-5,-15,-10,-19,5,-78,3,-77,33,118,0,-13,9,112,11,125,18,188,37,136,0
256,549,29,0,-13,20,20,117,28,112,41,155,-6,106,4,88,12,-78,43,-77,-4,-16,-9,-21,5,-78,3,-77,32,123,0,-14,9,116,10,129,17,190,36,140,0
257,548,31,-2,-15,22,22,116,31,110,44,148,-5,106,5,86,13,-79,44,-80,-5,-15,-10,-20,7,-78,4,-77,34,120,0,-14,11,115,12,128,19,186,39,135,0
257,548,31,-2,-15,22,22,116,31,110,44,148,-5,106,5,86,13,-79,44,-80,-5,-15,-10,-20,7,-78,4,-77,34,120,0,-14,11,115,12,128,19,186,39,135,0
255,547,29,-1,-14,21,20,117,29,112,40,152,-6,104,3,86,12,-79,42,-78,-5,-15,-10,-20,5,-79,3,-78,32,123,0,-14,9,115,10,128,16,188,36,138,0
255,548,29,0,-15,19,19,113,28,108,40,152,-7,103,3,87,13,-78,43,-77,-5,-16,-10,-21,7,-77,4,-76,31,118,0,-14,8,112,9,125,16,188,35,136,0
255,548,29,0,-15,19,19,113,28,108,40,152,-7,103,3,87,13,-78,43,-77,-5,-16,-10,-21,7,-77,4,-76,31,118,0,-14,8,112,9,125,16,188,35,136,0
255,549,29,0,-13,22,20,119,28,114,39,153,-6,107,3,89,12,-78,41,-77,-5,-15,-9,-20,5,-77,2,-76,31,123,0,-14,9,118,10,130,16,189,35,139,0
255,549,29,0,-13,22,20,119,28,114,39,153,-6,107,3,89,12,-78,41,-77,-5,-15,-9,-20,5,-77,2,-76,31,123,0,-14,9,118,10,130,16,189,35,139,0
256,547,29,-2,-14,23,20,117,28,112,41,150,-6,106,4,87,12,-80,43,-82,-5,-15,-10,-20,6,-79,3,-78,32,122,0,-14,9,116,10,129,16,188,36,137,0
256,547,29,-2,-14,23,20,117,28,112,41,150,-6,106,4,87,12,-80,43,-82,-5,-15,-10,-20,6,-79,3,-78,32,122,0,-14,9,116,10,129,16,188,36,137,0
255,548,29,-1,-15,22,20,117,28,112,40,152,-7,105,3,87,12,-79,42,-79,-5,-15,-10,-20,6,-78,3,-77,32,123,0,-14,8,116,9,129,16,189,36,138,0
256,547,29,0,-14,22,20,115,29,110,41,152,-6,104,4,87,13,-79,43,-81,-4,-15,-10,-20,7,-78,4,-77,32,120,0,-14,9,114,10,127,17,189,36,137,0
256,546,29,-3,-14,23,19,115,28,110,40,146,-6,104,3,86,13,-81,43,-85,-5,-15,-10,-20,6,-80,4,-79,31,120,0,-14,8,114,9,127,16,183,35,134,0
256,549,29,-2,-14,22,20,116,29,110,41,151,-6,105,4,87,12,-80,42,-81,-5,-15,-10,-20,6,-79,3,-78,32,120,0,-14,9,115,10,128,17,189,37,137,0
256,549,29,-2,-14,22,20,116,29,110,41,151,-6,105,4,87,12,-80,42,-81,-5,-15,-10,-20,6,-79,3,-78,32,120,0,-14,9,115,10,128,17,189,37,137,0
254,548,29,1,-15,21,19,116,28,112,40,154,-7,105,3,88,12,-77,42,-77,-5,-15,-11,-21,6,-76,3,-75,31,122,-1,-13,8,115,9,128,16,190,35,139,0
254,548,29,1,-15,21,19,116,28,112,40,154,-7,105,3,88,12,-77,42,-77,-5,-15,-11,-21,6,-76,3,-75,31,122,-1,-13,8,115,9,128,16,190,35,139,0
256,547,29,0,-14,21,20,115,29,110,41,150,-6,104,4,86,12,-78,44,-80,-5,-15,-10,-20,5,-76,3,-75,32,120,0,-14,9,114,10,127,17,187,36,136,0
256,547,29,0,-14,21,20,115,29,110,41,150,-6,104,4,86,12,-78,44,-80,-5,-15,-10,-20,5,-76,3,-75,32,120,0,-14,9,114,10,127,17,187,36,136,0
256,547,30,0,-15,20,20,116,29,111,41,150,-6,105,4,87,14,-76,44,-78,-5,-16,-10,-21,8,-74,5,-74,32,121,0,-14,9,115,10,128,16,186,36,136,0
257,546,30,-1,-15,21,22,115,30,111,43,151,-5,103,5,86,13,-79,44,-78,-5,-16,-10,-20,6,-78,4,-77,34,121,0,-14,10,113,11,126,18,187,38,137,0
257,546,30,-1,-15,21,22,115,30,111,43,151,-5,103,5,86,13,-79,44,-78,-5,-16,-10,-20,6,-78,4,-77,34,121,0,-14,10,113,11,126,18,187,38,137,0
257,543,30,-2,-15,21,20,113,29,108,41,146,-6,102,4,84,13,-78,44,-81,-5,-15,-10,-20,6,-77,4,-76,32,117,0,-14,9,112,10,124,17,183,36,133,0
257,543,30,-2,-15,21,20,113,29,108,41,146,-6,102,4,84,13,-78,44,-81,-5,-15,-10,-20,6,-77,4,-76,32,117,0,-14,9,112,10,124,17,183,36,133,0
256,546,29,-4,-14,23,20,115,29,110,41,150,-6,105,4,87,12,-82,43,-86,-5,-15,-10,-20,5,-81,2,-80,32,120,-1,-14,9,114,10,128,17,188,37,136,0
256,546,29,-4,-14,23,20,115,29,110,41,150,-6,105,4,87,12,-82,43,-86,-5,-15,-10,-20,5,-81,2,-80,32,120,-1,-14,9,114,10,128,17,188,37,136,0
257,547,29,0,-15,21,21,116,29,111,41,150,-6,105,4,86,13,-78,43,-78,-5,-15,-10,-20,6,-78,4,-77,32,121,0,-13,9,115,11,128,17,186,37,136,0
256,555,29,-5,-13,25,20,113,28,107,39,138,-6,103,4,82,12,-83,40,-94,-5,-15,-10,-19,6,-82,3,-81,31,116,0,-14,9,113,10,125,16,178,35,127,1
256,555,29,-5,-13,25,20,113,28,107,39,138,-6,103,4,82,12,-83,40,-94,-5,-15,-10,-19,6,-82,3,-81,31,116,0,-14,9,113,10,125,16,178,35,127,1
258,554,28,-5,-14,23,20,110,27,103,40,136,-5,102,4,82,11,-81,40,-91,-5,-15,-10,-20,5,-81,2,-80,31,112,-1,-14,9,111,10,123,17,174,35,125,1
258,554,28,-5,-14,23,20,110,27,103,40,136,-5,102,4,82,11,-81,40,-91,-5,-15,-10,-20,5,-81,2,-80,31,112,-1,-14,9,111,10,123,17,174,35,125,1
260,555,28,-4,-14,25,20,112,28,106,41,139,-5,104,4,83,12,-81,41,-88,-5,-14,-11,-19,6,-81,3,-80,32,115,-1,-14,9,113,10,125,18,178,36,127,1
260,557,28,-1,-14,22,21,113,29,107,41,144,-5,104,4,87,12,-79,40,-82,-5,-15,-10,-20,5,-79,2,-78,32,116,0,-14,10,113,11,125,18,181,36,131,1
260,555,28,-3,-15,24,20,114,28,108,40,143,-6,106,3,87,11,-82,39,-88,-5,-15,-11,-20,5,-81,2,-80,32,117,-1,-14,9,115,10,127,17,183,36,131,1
260,555,28,-3,-15,24,20,114,28,108,40,143,-6,106,3,87,11,-82,39,-88,-5,-15,-11,-20,5,-81,2,-80,32,117,-1,-14,9,115,10,127,17,183,36,131,1
262,552,28,-5,-14,23,19,108,27,102,39,137,-6,100,3,83,12,-82,39,-90,-5,-15,-10,-20,6,-82,3,-81,31,110,-1,-14,9,108,10,120,17,177,35,125,1
262,552,28,-5,-14,23,19,108,27,102,39,137,-6,100,3,83,12,-82,39,-90,-5,-15,-10,-20,6,-82,3,-81,31,110,-1,-14,9,108,10,120,17,177,35,125,1
262,553,28,-5,-14,25,19,114,27,107,39,140,-6,105,3,85,11,-83,40,-92,-5,-15,-10,-20,5,-83,2,-82,30,116,-1,-14,8,114,9,126,16,179,34,129,1
262,553,28,-5,-14,25,19,114,27,107,39,140,-6,105,3,85,11,-83,40,-92,-5,-15,-10,-20,5,-83,2,-82,30,116,-1,-14,8,114,9,126,16,179,34,129,1
262,553,27,-6,-14,25,20,111,28,104,39,137,-6,102,3,83,10,-83,39,-89,-6,-14,-11,-18,4,-82,1,-81,31,113,-1,-13,9,111,10,123,17,176,35,126,1
262,553,27,-6,-14,25,20,111,28,104,39,137,-6,102,3,83,10,-83,39,-89,-6,-14,-11,-18,4,-82,1,-81,31,113,-1,-13,9,111,10,123,17,176,35,126,1
264,552,29,-7,-14,26,20,114,28,107,40,138,-5,106,4,85,12,-85,41,-97,-5,-15,-10,-19,6,-84,3,-83,32,115,0,-14,9,115,10,127,17,179,36,127,1
264,552,29,-7,-14,26,20,114,28,107,40,138,-5,106,4,85,12,-85,41,-97,-5,-15,-10,-19,6,-84,3,-83,32,115,0,-14,9,115,10,127,17,179,36,127,1
262,554,28,-4,-14,24,20,113,28,107,39,139,-6,104,3,84,12,-80,39,-91,-5,-15,-10,-19,7,-80,4,-79,31,116,0,-14,9,113,10,126,17,180,35,128,1
262,554,28,-4,-14,24,20,113,28,107,39,139,-6,104,3,84,12,-80,39,-91,-5,-15,-10,-19,7,-80,4,-79,31,116,0,-14,9,113,10,126,17,180,35,128,1
264,555,29,-6,-13,25,22,114,30,107,42,140,-4,105,5,85,12,-83,41,-90,-5,-15,-10,-19,6,-82,3,-81,34,116,0,-14,11,114,12,126,19,180,38,129,1
264,555,29,-6,-13,25,22,114,30,107,42,140,-4,105,5,85,12,-83,41,-90,-5,-15,-10,-19,6,-82,3,-81,34,116,0,-14,11,114,12,126,19,180,38,129,1
263,555,28,-4,-14,23,20,114,28,108,39,142,-5,105,3,85,12,-81,39,-90,-5,-15,-10,-20,6,-80,3,-79,31,117,0,-14,9,114,10,127,17,182,35,130,1
263,555,28,-4,-14,23,20,114,28,108,39,142,-5,105,3,85,12,-81,39,-90,-5,-15,-10,-20,6,-80,3,-79,31,117,0,-14,9,114,10,127,17,182,35,130,1
262,554,28,-5,-14,24,20,113,28,106,39,139,-6,105,3,85,11,-82,39,-91,-5,-15,-10,-20,5,-81,2,-80,31,115,-1,-14,9,114,10,126,17,180,35,128,1
262,554,28,-5,-14,24,20,113,28,106,39,139,-6,105,3,85,11,-82,39,-91,-5,-15,-10,-20,5,-81,2,-80,31,115,-1,-14,9,114,10,126,17,180,35,128,1
264,553,28,-5,-14,26,20,113,28,106,39,138,-6,103,4,84,12,-84,41,-93,-5,-15,-10,-19,6,-83,3,-82,31,115,0,-14,9,113,10,125,16,178,35,128,1
264,553,28,-5,-14,26,20,113,28,106,39,138,-6,103,4,84,12,-84,41,-93,-5,-15,-10,-19,6,-83,3,-82,31,115,0,-14,9,113,10,125,16,178,35,128,1
266,554,28,-4,-14,25,19,113,27,107,39,140,-6,104,3,84,12,-81,40,-93,-5,-15,-10,-20,6,-80,4,-79,31,116,0,-14,8,113,10,126,16,181,35,129,1
268,556,29,-3,-14,24,21,116,29,109,41,143,-5,106,5,86,12,-80,42,-87,-5,-15,-10,-19,6,-80,3,-79,33,118,0,-14,10,116,11,128,18,182,37,131,1
268,556,29,-3,-14,24,21,116,29,109,41,143,-5,106,5,86,12,-80,42,-87,-5,-15,-10,-19,6,-80,3,-79,33,118,0,-14,10,116,11,128,18,182,37,131,1
268,552,29,-4,-15,24,20,113,28,107,40,142,-6,104,4,85,12,-84,42,-89,-5,-15,-11,-20,5,-83,3,-82,32,116,-1,-15,9,113,10,126,17,180,36,130,1
268,552,29,-4,-15,24,20,113,28,107,40,142,-6,104,4,85,12,-84,42,-89,-5,-15,-11,-20,5,-83,3,-82,32,116,-1,-15,9,113,10,126,17,180,36,130,1
269,556,29,-1,-15,23,20,117,28,111,40,145,-6,106,4,88,13,-79,42,-86,-5,-15,-10,-20,7,-79,4,-78,31,120,0,-14,9,116,10,129,17,183,36,133,1
269,556,29,-1,-15,23,20,117,28,111,40,145,-6,106,4,88,13,-79,42,-86,-5,-15,-10,-20,7,-79,4,-78,31,120,0,-14,9,116,10,129,17,183,36,133,1
270,554,29,-3,-15,23,19,114,28,108,40,142,-6,104,4,85,13,-81,43,-89,-5,-16,-10,-21,6,-81,4,-80,31,117,-1,-15,8,114,9,126,16,181,35,131,1
270,554,29,-3,-15,23,19,114,28,108,40,142,-6,104,4,85,13,-81,43,-89,-5,-16,-10,-21,6,-81,4,-80,31,117,-1,-15,8,114,9,126,16,181,35,131,1
271,554,30,-3,-15,23,21,116,29,110,42,145,-6,105,4,86,13,-81,44,-88,-5,-15,-11,-20,7,-81,4,-81,33,120,0,-14,9,115,11,128,18,184,37,133,1
271,554,30,-3,-15,23,21,116,29,110,42,145,-6,105,4,86,13,-81,44,-88,-5,-15,-11,-20,7,-81,4,-81,33,120,0,-14,9,115,11,128,18,184,37,133,1
272,555,30,-1,-14,23,20,119,29,113,41,147,-5,108,4,89,14,-80,44,-86,-5,-16,-10,-21,8,-80,5,-79,32,122,0,-14,9,118,10,131,17,185,37,135,1
272,555,29,-2,-15,22,19,116,28,110,41,146,-6,105,4,87,13,-80,44,-85,-5,-16,-10,-21,7,-80,4,-79,31,120,-1,-14,8,115,9,128,16,184,36,134,1
272,555,29,-2,-15,22,19,116,28,110,41,146,-6,105,4,87,13,-80,44,-85,-5,-16,-10,-21,7,-80,4,-79,31,120,-1,-14,8,115,9,128,16,184,36,134,1
271,556,29,-3,-15,24,20,116,28,111,40,146,-6,106,4,87,13,-81,42,-86,-5,-15,-11,-20,6,-81,3,-80,31,120,-1,-14,8,116,9,128,16,184,35,133,1
272,555,29,-3,-14,23,20,114,29,109,41,144,-5,104,4,86,12,-81,42,-86,-5,-15,-10,-20,6,-81,3,-80,32,118,0,-14,9,114,10,126,18,182,36,132,1
272,555,29,-3,-14,23,20,114,29,109,41,144,-5,104,4,86,12,-81,42,-86,-5,-15,-10,-20,6,-81,3,-80,32,118,0,-14,9,114,10,126,18,182,36,132,1
272,558,29,-2,-15,22,21,116,29,111,42,147,-6,106,4,88,12,-79,43,-85,-5,-16,-11,-20,6,-79,3,-78,32,120,-1,-14,9,116,10,129,18,186,37,134,1
272,559,29,-2,-14,23,20,117,29,111,41,147,-5,107,4,88,12,-80,42,-86,-5,-16,-10,-21,6,-80,3,-79,32,120,0,-14,9,117,10,129,17,186,36,135,1
272,559,29,-2,-14,23,20,117,29,111,41,147,-5,107,4,88,12,-80,42,-86,-5,-16,-10,-21,6,-80,3,-79,32,120,0,-14,9,117,10,129,17,186,36,135,1
272,554,29,-3,-14,23,21,114,29,108,41,143,-5,104,4,86,13,-83,43,-89,-5,-16,-10,-21,7,-83,4,-82,32,117,0,-15,9,113,11,126,17,181,37,131,1
272,554,29,-3,-14,23,21,114,29,108,41,143,-5,104,4,86,13,-83,43,-89,-5,-16,-10,-21,7,-83,4,-82,32,117,0,-15,9,113,11,126,17,181,37,131,1
272,554,30,-4,-14,24,21,112,29,106,42,141,-5,102,5,84,13,-82,42,-89,-5,-15,-10,-20,7,-82,4,-81,33,115,0,-14,10,112,11,124,18,180,37,129,1
272,554,30,-4,-14,24,21,112,29,106,42,141,-5,102,5,84,13,-82,42,-89,-5,-15,-10,-20,7,-82,4,-81,33,115,0,-14,10,112,11,124,18,180,37,129,1
272,555,29,-5,-14,24,20,113,29,107,41,142,-5,104,4,86,12,-82,43,-91,-5,-15,-10,-20,6,-82,3,-81,32,116,0,-14,9,114,11,126,18,182,37,130,1
271,557,28,-2,-14,23,20,116,28,110,40,145,-6,105,4,87,12,-79,41,-83,-5,-15,-10,-20,6,-79,3,-79,31,120,-1,-14,9,116,10,128,17,182,35,133,1
271,557,28,-2,-14,23,20,116,28,110,40,145,-6,105,4,87,12,-79,41,-83,-5,-15,-10,-20,6,-79,3,-79,31,120,-1,-14,9,116,10,128,17,182,35,133,1
271,556,29,-3,-14,24,20,116,29,109,40,142,-5,106,4,86,13,-80,42,-90,-5,-16,-10,-20,7,-79,4,-78,32,119,0,-14,9,116,11,128,17,182,36,131,1
271,556,29,-3,-14,24,20,116,29,109,40,142,-5,106,4,86,13,-80,42,-90,-5,-16,-10,-20,7,-79,4,-78,32,119,0,-14,9,116,11,128,17,182,36,131,1
270,559,28,-1,-15,22,20,117,28,111,40,148,-6,108,4,88,12,-78,40,-83,-5,-16,-11,-21,5,-77,3,-76,31,121,-1,-14,9,117,10,130,17,187,36,135,1
271,557,29,-4,-14,24,20,114,29,108,41,142,-5,105,4,86,12,-83,41,-87,-5,-15,-10,-20,6,-84,3,-83,32,117,0,-15,9,115,10,127,17,181,36,130,1
271,557,29,-4,-14,24,20,114,29,108,41,142,-5,105,4,86,12,-83,41,-87,-5,-15,-10,-20,6,-84,3,-83,32,117,0,-15,9,115,10,127,17,181,36,130,1
270,556,29,-4,-15,24,20,114,28,108,40,141,-6,105,4,85,12,-82,41,-89,-5,-15,-11,-20,5,-82,3,-81,32,117,-1,-14,9,115,10,127,17,181,36,130,1
270,556,29,-4,-15,24,20,114,28,108,40,141,-6,105,4,85,12,-82,41,-89,-5,-15,-11,-20,5,-82,3,-81,32,117,-1,-14,9,115,10,127,17,181,36,130,1
269,561,28,1,-14,21,20,119,28,113,40,151,-6,108,3,89,11,-77,39,-80,-5,-16,-10,-21,5,-77,2,-76,31,123,-1,-14,9,118,10,131,17,188,35,137,1
270,555,29,-4,-14,25,19,114,27,108,39,140,-6,105,4,86,13,-83,42,-91,-5,-15,-10,-20,7,-83,4,-82,31,117,0,-14,8,114,9,126,16,180,35,129,1
270,555,29,-4,-14,25,19,114,27,108,39,140,-6,105,4,86,13,-83,42,-91,-5,-15,-10,-20,7,-83,4,-82,31,117,0,-14,8,114,9,126,16,180,35,129,1
268,558,28,-4,-15,24,19,115,27,109,38,142,-6,105,3,85,12,-81,39,-90,-5,-16,-11,-20,6,-80,3,-79,31,118,-1,-14,8,115,9,128,16,182,34,131,1
268,558,28,-4,-15,24,19,115,27,109,38,142,-6,105,3,85,12,-81,39,-90,-5,-16,-11,-20,6,-80,3,-79,31,118,-1,-14,8,115,9,128,16,182,34,131,1
269,556,29,-3,-15,23,20,114,29,108,40,142,-6,104,4,85,13,-80,42,-86,-5,-15,-10,-20,7,-80,4,-80,32,117,0,-14,9,114,10,126,17,180,36,130,1
269,556,29,-3,-15,23,20,114,29,108,40,142,-6,104,4,85,13,-80,42,-86,-5,-15,-10,-20,7,-80,4,-80,32,117,0,-14,9,114,10,126,17,180,36,130,1
268,560,28,-3,-14,23,20,116,28,109,40,145,-6,107,4,87,12,-81,40,-87,-5,-16,-10,-21,6,-80,3,-79,32,119,0,-15,9,116,10,129,17,185,36,133,1
268,560,28,-3,-14,23,20,116,28,109,40,145,-6,107,4,87,12,-81,40,-87,-5,-16,-10,-21,6,-80,3,-79,32,119,0,-15,9,116,10,129,17,185,36,133,1
268,557,28,-5,-14,25,20,113,28,106,40,139,-5,105,4,85,12,-83,40,-92,-5,-14,-10,-19,6,-82,3,-81,31,115,-1,-14,9,114,11,126,17,180,36,128,1
268,557,28,-5,-14,25,20,113,28,106,40,139,-5,105,4,85,12,-83,40,-92,-5,-14,-10,-19,6,-82,3,-81,31,115,-1,-14,9,114,11,126,17,180,36,128,1
267,559,29,-4,-14,24,21,114,29,108,41,144,-5,106,4,86,12,-82,41,-88,-5,-15,-10,-20,6,-81,3,-80,32,117,0,-14,10,115,11,127,18,184,37,131,1
266,557,29,-4,-14,24,20,114,28,107,39,141,-5,105,4,85,12,-82,40,-88,-5,-14,-10,-19,6,-83,3,-82,31,117,0,-14,9,114,10,126,17,180,35,129,1
266,557,29,-4,-14,24,20,114,28,107,39,141,-5,105,4,85,12,-82,40,-88,-5,-14,-10,-19,6,-83,3,-82,31,117,0,-14,9,114,10,126,17,180,35,129,1
265,560,29,-2,-14,23,21,113,29,107,40,144,-5,104,4,86,12,-79,40,-84,-5,-15,-10,-20,6,-79,3,-78,32,117,0,-14,10,113,11,125,18,182,36,131,1
265,560,29,-2,-14,23,21,113,29,107,40,144,-5,104,4,86,12,-79,40,-84,-5,-15,-10,-20,6,-79,3,-78,32,117,0,-14,10,113,11,125,18,182,36,131,1
263,560,27,-3,-13,23,20,112,28,106,39,144,-5,104,3,86,11,-81,38,-89,-5,-16,-10,-20,5,-80,2,-79,31,116,0,-14,9,113,10,125,17,183,35,131,1
263,560,27,-3,-13,23,20,112,28,106,39,144,-5,104,3,86,11,-81,38,-89,-5,-16,-10,-20,5,-80,2,-79,31,116,0,-14,9,113,10,125,17,183,35,131,1
262,559,27,-3,-14,23,19,114,27,108,38,144,-6,105,3,87,11,-81,38,-88,-5,-16,-10,-20,5,-81,3,-80,30,117,-1,-14,9,114,10,127,16,183,34,131,1
262,559,27,-3,-14,23,19,114,27,108,38,144,-6,105,3,87,11,-81,38,-88,-5,-16,-10,-20,5,-81,3,-80,30,117,-1,-14,9,114,10,127,16,183,34,131,1
262,560,27,-4,-13,24,21,114,28,108,39,143,-5,106,4,86,11,-83,38,-88,-5,-16,-10,-20,4,-83,2,-81,32,117,0,-15,10,115,11,127,17,183,35,131,1
262,560,27,-4,-13,24,21,114,28,108,39,143,-5,106,4,86,11,-83,38,-88,-5,-16,-10,-20,4,-83,2,-81,32,117,0,-15,10,115,11,127,17,183,35,131,1
261,558,27,-5,-13,24,20,111,27,105,38,141,-5,103,3,84,10,-84,36,-89,-5,-16,-10,-20,4,-84,1,-83,30,115,-1,-15,9,112,10,124,17,181,34,129,1
260,560,27,-3,-13,24,20,115,28,109,38,146,-5,105,3,85,11,-81,36,-89,-5,-15,-10,-20,5,-80,2,-80,31,118,-1,-14,9,114,11,127,17,186,35,133,1
260,560,27,-3,-13,24,20,115,28,109,38,146,-5,105,3,85,11,-81,36,-89,-5,-15,-10,-20,5,-80,2,-80,31,118,-1,-14,9,114,11,127,17,186,35,133,1
260,557,27,-2,-13,22,18,111,26,105,36,143,-6,101,2,84,12,-82,37,-87,-4,-16,-9,-21,6,-81,3,-81,29,115,0,-15,8,110,9,123,15,181,33,130,1
261,557,28,-6,-13,24,20,111,28,104,38,137,-5,103,3,83,12,-83,38,-94,-5,-15,-10,-20,6,-83,3,-82,31,113,0,-15,9,111,10,124,16,178,34,126,1
261,557,28,-6,-13,24,20,111,28,104,38,137,-5,103,3,83,12,-83,38,-94,-5,-15,-10,-20,6,-83,3,-82,31,113,0,-15,9,111,10,124,16,178,34,126,1
261,560,27,-3,-12,23,20,113,28,108,38,144,-5,103,3,85,10,-81,35,-86,-5,-15,-10,-20,4,-80,1,-79,31,117,0,-14,10,113,11,125,17,183,34,131,1
261,558,27,-3,-13,23,20,113,28,107,38,143,-5,103,3,85,12,-81,37,-89,-5,-16,-10,-20,5,-81,3,-80,31,116,0,-15,9,113,10,125,17,182,34,131,1
261,558,27,-3,-13,23,20,113,28,107,38,143,-5,103,3,85,12,-81,37,-89,-5,-16,-10,-20,5,-81,3,-80,31,116,0,-15,9,113,10,125,17,182,34,131,1
259,557,27,-3,-13,23,20,115,27,109,37,143,-6,104,2,85,10,-81,35,-86,-5,-16,-10,-20,4,-81,1,-80,31,118,-1,-14,9,114,10,127,16,182,34,132,1
260,558,26,-5,-13,24,18,112,26,106,36,139,-6,104,2,84,10,-82,35,-91,-5,-15,-10,-20,5,-81,2,-81,29,114,-1,-14,8,113,9,125,15,179,32,127,1
260,558,26,-5,-13,24,18,112,26,106,36,139,-6,104,2,84,10,-82,35,-91,-5,-15,-10,-20,5,-81,2,-81,29,114,-1,-14,8,113,9,125,15,179,32,127,1
260,559,27,-3,-13,24,20,113,28,108,38,144,-5,104,3,85,10,-81,36,-87,-5,-15,-10,-20,4,-80,1,-79,31,117,0,-14,10,113,11,126,17,183,35,131,1
260,559,27,-3,-13,24,20,113,28,108,38,144,-5,104,3,85,10,-81,36,-87,-5,-15,-10,-20,4,-80,1,-79,31,117,0,-14,10,113,11,126,17,183,35,131,1
261,559,28,-4,-13,24,20,114,28,108,38,139,-5,105,3,84,12,-80,37,-86,-5,-14,-9,-19,6,-80,3,-79,31,117,0,-14,9,114,11,126,17,178,35,129,1
261,559,28,-4,-13,24,20,114,28,108,38,139,-5,105,3,84,12,-80,37,-86,-5,-14,-9,-19,6,-80,3,-79,31,117,0,-14,9,114,11,126,17,178,35,129,1
259,558,26,-4,-13,23,19,114,27,108,36,143,-6,104,2,84,10,-81,34,-88,-5,-16,-10,-20,5,-81,2,-80,30,117,-1,-15,8,113,10,126,15,183,33,131,1
259,558,26,-4,-13,23,19,114,27,108,36,143,-6,104,2,84,10,-81,34,-88,-5,-16,-10,-20,5,-81,2,-80,30,117,-1,-15,8,113,10,126,15,183,33,131,1
259,559,27,-5,-13,24,20,112,28,106,38,142,-5,103,3,84,11,-81,35,-89,-5,-15,-10,-20,5,-80,2,-79,31,116,-1,-14,10,112,11,125,17,183,35,130,1
259,559,27,-5,-13,24,20,112,28,106,38,142,-5,103,3,84,11,-81,35,-89,-5,-15,-10,-20,5,-80,2,-79,31,116,-1,-14,10,112,11,125,17,183,35,130,1
260,558,27,-4,-12,24,21,113,29,107,39,143,-4,104,4,86,11,-81,36,-87,-5,-15,-10,-20,5,-81,2,-80,32,116,0,-14,11,113,12,125,19,182,36,130,1
260,557,26,-4,-13,23,19,111,27,106,37,140,-6,103,2,84,10,-81,35,-87,-5,-16,-10,-20,4,-81,1,-80,30,114,-1,-14,8,112,10,124,16,178,33,128,1
260,557,26,-4,-13,23,19,111,27,106,37,140,-6,103,2,84,10,-81,35,-87,-5,-16,-10,-20,4,-81,1,-80,30,114,-1,-14,8,112,10,124,16,178,33,128,1
261,554,27,-7,-13,25,20,107,28,101,38,134,-5,99,3,81,11,-85,37,-92,-5,-15,-10,-19,5,-85,2,-84,31,109,0,-14,9,108,10,120,17,174,34,123,1
261,554,27,-7,-13,25,20,107,28,101,38,134,-5,99,3,81,11,-85,37,-92,-5,-15,-10,-19,5,-85,2,-84,31,109,0,-14,9,108,10,120,17,174,34,123,1
260,558,27,-2,-13,23,20,112,27,106,38,144,-6,103,3,85,11,-80,36,-86,-5,-15,-10,-20,4,-80,1,-79,30,116,0,-14,9,112,10,124,17,183,34,131,1
261,558,27,-3,-13,23,21,112,29,106,39,142,-5,103,4,85,11,-80,37,-86,-5,-15,-10,-19,5,-80,2,-79,32,115,0,-14,10,112,11,124,18,181,35,129,1
261,558,27,-3,-13,23,21,112,29,106,39,142,-5,103,4,85,11,-80,37,-86,-5,-15,-10,-19,5,-80,2,-79,32,115,0,-14,10,112,11,124,18,181,35,129,1
261,557,27,-5,-13,24,20,114,28,108,38,142,-5,104,3,84,11,-82,37,-93,-5,-15,-10,-20,5,-81,2,-80,31,117,-1,-14,9,114,10,126,17,182,35,130,1
262,560,27,-3,-13,23,20,114,27,108,38,144,-6,105,3,86,10,-79,36,-85,-5,-16,-10,-20,4,-78,1,-78,30,117,-1,-14,9,114,10,127,16,183,34,131,1
263,557,27,-3,-13,23,18,112,26,106,36,142,-7,103,2,85,12,-80,38,-87,-5,-16,-10,-20,6,-80,3,-79,29,116,0,-14,8,112,9,124,15,180,32,129,1
263,557,27,-3,-13,23,18,112,26,106,36,142,-7,103,2,85,12,-80,38,-87,-5,-16,-10,-20,6,-80,3,-79,29,116,0,-14,8,112,9,124,15,180,32,129,1
264,557,27,-3,-14,23,20,111,28,104,39,139,-6,104,3,85,11,-81,37,-88,-5,-15,-10,-20,4,-81,1,-80,31,113,0,-14,9,112,10,124,17,178,35,127,1
265,557,27,-4,-13,23,19,114,27,107,37,140,-6,105,3,84,12,-80,38,-91,-5,-16,-10,-21,6,-80,3,-79,30,116,0,-14,9,115,10,127,16,180,34,129,1
265,557,27,-4,-13,23,19,114,27,107,37,140,-6,105,3,84,12,-80,38,-91,-5,-16,-10,-21,6,-80,3,-79,30,116,0,-14,9,115,10,127,16,180,34,129,1
265,556,27,-3,-14,24,18,113,26,107,37,143,-7,105,2,86,11,-82,37,-89,-5,-16,-10,-21,5,-82,2,-81,29,116,-1,-14,8,114,9,126,15,183,33,130,1
265,556,27,-3,-14,24,18,113,26,107,37,143,-7,105,2,86,11,-82,37,-89,-5,-16,-10,-21,5,-82,2,-81,29,116,-1,-14,8,114,9,126,15,183,33,130,1
266,545,25,-8,-12,24,17,104,24,98,33,120,-5,95,2,76,11,-86,34,-95,-5,-14,-9,-18,6,-88,3,-88,27,105,0,-14,8,105,9,115,13,158,30,113,2
266,545,25,-8,-12,24,17,104,24,98,33,120,-5,95,2,76,11,-86,34,-95,-5,-14,-9,-18,6,-88,3,-88,27,105,0,-14,8,105,9,115,13,158,30,113,2
266,545,26,-9,-12,25,17,103,25,95,34,115,-5,93,2,74,13,-86,38,-102,-4,-14,-9,-18,7,-88,5,-88,27,102,0,-14,8,103,9,113,13,153,31,109,2
266,545,26,-9,-12,25,17,103,25,95,34,115,-5,93,2,74,13,-86,38,-102,-4,-14,-9,-18,7,-88,5,-88,27,102,0,-14,8,103,9,113,13,153,31,109,2
262,546,25,-7,-11,22,17,97,24,91,33,117,-5,89,2,74,12,-82,33,-95,-4,-14,-8,-18,7,-84,4,-84,27,98,0,-13,8,97,9,108,14,154,30,109,2
261,550,25,-6,-12,23,18,99,25,93,34,119,-5,91,2,76,11,-82,34,-91,-5,-13,-9,-18,5,-84,2,-83,28,100,-1,-13,8,99,9,110,14,155,31,110,2
261,550,25,-6,-12,23,18,99,25,93,34,119,-5,91,2,76,11,-82,34,-91,-5,-13,-9,-18,5,-84,2,-83,28,100,-1,-13,8,99,9,110,14,155,31,110,2
261,552,26,-8,-12,24,19,101,26,95,36,120,-5,92,3,74,12,-82,36,-95,-4,-14,-9,-18,7,-83,4,-83,29,103,0,-14,9,101,10,112,15,157,32,112,2
259,553,25,-7,-12,24,17,101,24,95,34,122,-6,91,2,76,12,-82,35,-95,-5,-13,-9,-18,7,-83,4,-83,27,103,-1,-13,7,101,9,111,14,160,31,113,2
259,553,25,-7,-12,24,17,101,24,95,34,122,-6,91,2,76,12,-82,35,-95,-5,-13,-9,-18,7,-83,4,-83,27,103,-1,-13,7,101,9,111,14,160,31,113,2
259,554,25,-7,-12,23,17,100,25,95,34,124,-5,91,2,76,11,-84,34,-92,-4,-14,-9,-18,6,-86,3,-86,27,102,0,-13,8,100,9,111,15,161,30,114,2
259,554,25,-7,-12,23,17,100,25,95,34,124,-5,91,2,76,11,-84,34,-92,-4,-14,-9,-18,6,-86,3,-86,27,102,0,-13,8,100,9,111,15,161,30,114,2
257,555,25,-8,-12,23,17,102,25,95,33,120,-6,93,2,75,12,-84,34,-96,-4,-14,-9,-18,7,-86,4,-85,27,103,0,-14,8,102,9,113,14,158,30,112,2
257,555,25,-8,-12,23,17,102,25,95,33,120,-6,93,2,75,12,-84,34,-96,-4,-14,-9,-18,7,-86,4,-85,27,103,0,-14,8,102,9,113,14,158,30,112,2
258,554,25,-8,-12,24,17,103,24,96,33,119,-6,93,2,76,12,-82,36,-99,-4,-13,-8,-18,7,-84,4,-83,26,103,0,-13,7,103,8,113,13,157,30,112,2
258,554,25,-8,-12,24,17,103,24,96,33,119,-6,93,2,76,12,-82,36,-99,-4,-13,-8,-18,7,-84,4,-83,26,103,0,-13,7,103,8,113,13,157,30,112,2
257,553,25,-7,-12,23,17,99,24,93,34,118,-6,90,2,75,11,-82,34,-94,-5,-13,-9,-17,6,-84,3,-83,27,100,-1,-13,7,99,8,109,14,155,30,110,2
257,554,25,-8,-12,24,17,106,24,99,33,121,-6,96,2,77,11,-82,34,-96,-5,-14,-9,-18,5,-83,2,-83,27,106,-1,-13,7,105,8,116,13,159,30,114,2
257,554,25,-8,-12,24,17,106,24,99,33,121,-6,96,2,77,11,-82,34,-96,-5,-14,-9,-18,5,-83,2,-83,27,106,-1,-13,7,105,8,116,13,159,30,114,2
259,554,27,-7,-11,24,19,105,27,98,36,120,-4,96,4,78,12,-81,37,-95,-4,-14,-9,-18,7,-82,4,-82,30,106,0,-13,9,105,11,116,16,157,33,113,2
257,552,25,-9,-12,24,18,101,25,94,34,114,-5,93,2,75,10,-85,33,-98,-5,-13,-9,-17,5,-88,2,-87,28,100,-1,-13,8,101,9,112,15,153,31,108,2
257,552,25,-9,-12,24,18,101,25,94,34,114,-5,93,2,75,10,-85,33,-98,-5,-13,-9,-17,5,-88,2,-87,28,100,-1,-13,8,101,9,112,15,153,31,108,2
257,553,25,-9,-12,25,18,105,25,97,35,119,-5,97,3,79,10,-87,34,-96,-4,-13,-9,-17,5,-89,2,-89,28,104,0,-13,9,105,10,116,15,158,31,112,2
258,551,26,-9,-12,24,18,102,26,95,36,119,-5,93,3,76,11,-85,36,-99,-5,-14,-9,-18,6,-87,3,-87,29,103,0,-14,9,102,10,113,15,158,32,112,2
258,551,26,-9,-12,24,18,102,26,95,36,119,-5,93,3,76,11,-85,36,-99,-5,-14,-9,-18,6,-87,3,-87,29,103,0,-14,9,102,10,113,15,158,32,112,2
257,553,25,-10,-12,25,18,101,25,94,34,117,-5,93,2,75,11,-87,35,-103,-5,-14,-9,-18,5,-89,2,-88,28,101,-1,-14,8,101,9,112,14,157,31,110,2
257,553,25,-10,-12,25,18,101,25,94,34,117,-5,93,2,75,11,-87,35,-103,-5,-14,-9,-18,5,-89,2,-88,28,101,-1,-14,8,101,9,112,14,157,31,110,2
258,555,25,-9,-12,24,19,106,26,99,35,120,-5,97,3,78,11,-85,36,-99,-5,-14,-10,-18,6,-87,3,-86,29,106,-1,-14,9,106,10,117,15,159,32,113,2
258,555,25,-9,-12,24,19,106,26,99,35,120,-5,97,3,78,11,-85,36,-99,-5,-14,-10,-18,6,-87,3,-86,29,106,-1,-14,9,106,10,117,15,159,32,113,2
258,553,27,-7,-12,23,19,104,27,98,37,122,-4,94,3,78,12,-84,37,-93,-5,-14,-9,-18,6,-86,3,-85,30,105,0,-13,9,103,10,114,16,158,33,114,2
258,553,27,-7,-12,23,19,104,27,98,37,122,-4,94,3,78,12,-84,37,-93,-5,-14,-9,-18,6,-86,3,-85,30,105,0,-13,9,103,10,114,16,158,33,114,2
257,553,25,-6,-13,23,17,105,25,98,34,122,-6,96,2,79,11,-82,36,-90,-5,-14,-9,-18,6,-84,3,-84,27,105,-1,-13,7,105,8,115,13,158,31,114,2
257,553,25,-6,-13,23,17,105,25,98,34,122,-6,96,2,79,11,-82,36,-90,-5,-14,-9,-18,6,-84,3,-84,27,105,-1,-13,7,105,8,115,13,158,31,114,2
259,555,26,-6,-11,24,17,107,24,100,34,123,-5,98,2,79,12,-82,36,-96,-4,-13,-8,-18,7,-84,4,-84,27,108,0,-13,8,108,9,118,14,161,31,115,2
259,555,26,-6,-11,24,17,107,24,100,34,123,-5,98,2,79,12,-82,36,-96,-4,-13,-8,-18,7,-84,4,-84,27,108,0,-13,8,108,9,118,14,161,31,115,2
258,553,26,-10,-11,25,19,105,26,98,35,117,-4,96,3,77,12,-87,36,-100,-4,-14,-9,-18,6,-89,3,-89,28,105,0,-14,9,106,10,116,15,156,32,111,2
258,553,26,-10,-11,25,19,105,26,98,35,117,-4,96,3,77,12,-87,36,-100,-4,-14,-9,-18,6,-89,3,-89,28,105,0,-14,9,106,10,116,15,156,32,111,2
258,557,26,-9,-11,24,20,105,27,98,36,120,-4,96,4,78,11,-85,35,-95,-4,-13,-9,-17,6,-87,3,-87,30,105,0,-13,10,105,11,116,17,159,33,113,2
258,557,26,-9,-11,24,20,105,27,98,36,120,-4,96,4,78,11,-85,35,-95,-4,-13,-9,-17,6,-87,3,-87,30,105,0,-13,10,105,11,116,17,159,33,113,2
256,554,25,-8,-12,24,17,105,24,98,34,121,-6,96,2,77,10,-85,35,-99,-5,-14,-9,-18,5,-87,2,-86,27,105,-1,-14,7,105,8,116,13,159,30,113,2
257,553,25,-10,-11,26,19,105,26,98,35,118,-4,96,3,78,11,-87,35,-99,-4,-13,-9,-17,5,-90,2,-89,29,104,0,-13,9,105,10,116,15,157,32,112,2
256,552,25,-11,-12,25,18,104,25,97,34,114,-5,97,2,77,10,-90,34,-99,-5,-13,-9,-17,5,-94,2,-93,28,104,0,-14,8,106,10,116,14,153,31,109,2
256,552,25,-11,-12,25,18,104,25,97,34,114,-5,97,2,77,10,-90,34,-99,-5,-13,-9,-17,5,-94,2,-93,28,104,0,-14,8,106,10,116,14,153,31,109,2
256,555,24,-10,-12,24,17,104,24,97,33,120,-6,96,2,79,9,-89,33,-100,-5,-14,-9,-18,4,-93,1,-93,27,104,-1,-14,8,104,9,115,14,160,30,112,2
256,555,24,-10,-12,24,17,104,24,97,33,120,-6,96,2,79,9,-89,33,-100,-5,-14,-9,-18,4,-93,1,-93,27,104,-1,-14,8,104,9,115,14,160,30,112,2
256,553,25,-10,-11,26,18,104,25,96,34,113,-5,96,3,77,10,-89,33,-101,-5,-13,-9,-17,5,-93,2,-93,28,103,0,-13,9,105,10,115,14,152,31,108,2
256,553,25,-10,-11,26,18,104,25,96,34,113,-5,96,3,77,10,-89,33,-101,-5,-13,-9,-17,5,-93,2,-93,28,103,0,-13,9,105,10,115,14,152,31,108,2
256,550,25,-10,-11,25,18,106,25,98,34,116,-5,97,2,78,10,-91,35,-100,-5,-14,-9,-17,5,-94,2,-94,28,105,-1,-14,8,107,9,117,14,155,31,110,2
256,550,25,-10,-11,25,18,106,25,98,34,116,-5,97,2,78,10,-91,35,-100,-5,-14,-9,-17,5,-94,2,-94,28,105,-1,-14,8,107,9,117,14,155,31,110,2
257,550,24,-11,-11,26,18,103,24,95,32,110,-5,97,2,76,10,-88,33,-99,-5,-13,-9,-16,4,-91,1,-91,27,101,-1,-13,8,105,9,115,13,150,30,106,2
257,549,26,-7,-11,23,20,101,27,95,37,118,-4,93,4,77,11,-87,36,-90,-4,-14,-9,-18,5,-90,2,-90,30,102,0,-14,10,102,11,111,17,153,33,110,2
257,549,26,-7,-11,23,20,101,27,95,37,118,-4,93,4,77,11,-87,36,-90,-4,-14,-9,-18,5,-90,2,-90,30,102,0,-14,10,102,11,111,17,153,33,110,2
257,551,25,-10,-11,25,19,103,25,96,34,115,-4,96,3,77,10,-89,34,-101,-4,-13,-9,-17,5,-92,2,-92,28,102,0,-14,9,104,10,115,15,155,31,109,2
257,551,25,-10,-11,25,19,103,25,96,34,115,-4,96,3,77,10,-89,34,-101,-4,-13,-9,-17,5,-92,2,-92,28,102,0,-14,9,104,10,115,15,155,31,109,2
257,547,26,-14,-12,26,19,99,26,91,35,105,-5,93,3,73,10,-94,36,-106,-5,-13,-9,-16,5,-98,2,-97,29,97,0,-14,9,101,10,110,15,144,32,101,2
257,547,26,-14,-12,26,19,99,26,91,35,105,-5,93,3,73,10,-94,36,-106,-5,-13,-9,-16,5,-98,2,-97,29,97,0,-14,9,101,10,110,15,144,32,101,2
257,551,24,-11,-12,25,17,104,24,96,33,112,-5,97,2,77,10,-89,34,-103,-5,-13,-9,-17,5,-92,2,-92,27,103,-1,-13,8,106,9,116,13,152,30,108,2
257,554,24,-9,-12,25,18,106,25,99,34,121,-5,98,3,81,9,-88,33,-98,-5,-13,-9,-17,3,-90,0,-90,28,106,-1,-13,9,107,10,117,15,160,31,114,2
257,554,24,-9,-12,25,18,106,25,99,34,121,-5,98,3,81,9,-88,33,-98,-5,-13,-9,-17,3,-90,0,-90,28,106,-1,-13,9,107,10,117,15,160,31,114,2
257,549,25,-12,-12,27,18,104,25,97,34,115,-5,97,3,78,10,-91,34,-104,-5,-13,-9,-17,4,-95,1,-94,28,103,-1,-13,8,106,10,116,14,156,31,109,2
257,540,26,-11,-11,26,19,101,26,93,35,109,-4,94,3,75,10,-88,36,-100,-4,-12,-9,-16,5,-91,2,-91,29,100,0,-13,9,102,10,112,15,146,32,104,2
257,540,26,-11,-11,26,19,101,26,93,35,109,-4,94,3,75,10,-88,36,-100,-4,-12,-9,-16,5,-91,2,-91,29,100,0,-13,9,102,10,112,15,146,32,104,2
259,539,26,-13,-11,27,19,100,26,92,35,106,-4,93,3,73,12,-90,37,-105,-4,-12,-9,-16,6,-93,3,-92,29,98,0,-13,9,101,10,110,15,144,32,102,2
259,539,26,-13,-11,27,19,100,26,92,35,106,-4,93,3,73,12,-90,37,-105,-4,-12,-9,-16,6,-93,3,-92,29,98,0,-13,9,101,10,110,15,144,32,102,2
258,533,26,-17,-11,28,18,96,25,87,33,99,-5,90,3,69,11,-93,35,-113,-4,-12,-8,-15,5,-96,2,-95,28,93,0,-13,8,98,9,108,13,140,30,96,2
258,533,26,-17,-11,28,18,96,25,87,33,99,-5,90,3,69,11,-93,35,-113,-4,-12,-8,-15,5,-96,2,-95,28,93,0,-13,8,98,9,108,13,140,30,96,2
259,534,25,-16,-12,27,17,93,24,84,33,96,-5,87,2,68,12,-92,36,-110,-4,-11,-9,-14,6,-95,3,-94,27,90,0,-12,8,95,9,104,13,135,30,93,2
259,534,25,-16,-12,27,17,93,24,84,33,96,-5,87,2,68,12,-92,36,-110,-4,-11,-9,-14,6,-95,3,-94,27,90,0,-12,8,95,9,104,13,135,30,93,2
258,539,25,-14,-11,27,18,99,25,91,34,105,-5,93,2,73,10,-93,34,-111,-4,-12,-9,-16,5,-96,2,-95,28,97,0,-13,8,101,9,111,14,147,31,102,2
258,539,25,-14,-11,27,18,99,25,91,34,105,-5,93,2,73,10,-93,34,-111,-4,-12,-9,-16,5,-96,2,-95,28,97,0,-13,8,101,9,111,14,147,31,102,2
257,543,25,-11,-12,27,18,104,25,96,33,112,-6,97,2,76,10,-89,35,-102,-5,-13,-9,-17,5,-92,2,-92,28,103,-1,-13,8,105,9,115,13,151,31,108,2
259,545,25,-12,-11,27,18,104,25,96,34,113,-4,97,3,77,10,-89,34,-105,-5,-13,-9,-17,5,-92,2,-91,28,102,0,-14,9,105,10,115,15,154,31,108,2
259,545,25,-12,-11,27,18,104,25,96,34,113,-4,97,3,77,10,-89,34,-105,-5,-13,-9,-17,5,-92,2,-91,28,102,0,-14,9,105,10,115,15,154,31,108,2
258,548,25,-12,-12,26,17,100,24,93,33,114,-6,93,2,76,9,-88,33,-105,-5,-13,-10,-17,4,-90,1,-90,27,100,-1,-14,7,101,8,112,13,155,30,108,2
259,549,25,-10,-11,25,19,103,26,96,35,117,-4,96,3,76,10,-85,34,-97,-5,-13,-9,-17,5,-87,2,-86,29,103,-1,-14,9,104,11,115,16,156,32,110,2
259,549,25,-10,-11,25,19,103,26,96,35,117,-4,96,3,76,10,-85,34,-97,-5,-13,-9,-17,5,-87,2,-86,29,103,-1,-14,9,104,11,115,16,156,32,110,2
259,548,25,-10,-12,25,18,101,25,94,35,114,-5,93,3,75,10,-87,34,-99,-5,-13,-10,-17,5,-89,2,-89,28,100,-1,-13,9,102,10,112,15,152,32,107,2
259,549,25,-12,-12,26,19,102,26,94,36,116,-4,95,3,76,10,-88,34,-102,-5,-13,-10,-17,5,-90,2,-89,29,101,-1,-14,9,103,11,113,16,157,32,109,2
259,549,25,-12,-12,26,19,102,26,94,36,116,-4,95,3,76,10,-88,34,-102,-5,-13,-10,-17,5,-90,2,-89,29,101,-1,-14,9,103,11,113,16,157,32,109,2
260,547,25,-10,-11,25,19,100,26,94,35,116,-4,92,3,75,10,-87,34,-98,-5,-13,-9,-17,5,-90,2,-89,29,100,0,-14,9,101,10,111,16,154,32,109,2
260,549,25,-9,-12,26,18,104,26,97,35,118,-5,96,3,77,10,-85,34,-99,-5,-13,-10,-17,5,-87,2,-86,29,104,-1,-13,8,105,10,115,15,157,32,112,2
260,549,25,-9,-12,26,18,104,26,97,35,118,-5,96,3,77,10,-85,34,-99,-5,-13,-10,-17,5,-87,2,-86,29,104,-1,-13,8,105,10,115,15,157,32,112,2
260,549,25,-5,-12,23,18,101,25,96,34,122,-5,93,2,79,10,-83,34,-87,-5,-13,-10,-18,5,-85,2,-85,28,102,-1,-13,8,102,9,112,15,157,31,113,2
260,549,25,-5,-12,23,18,101,25,96,34,122,-5,93,2,79,10,-83,34,-87,-5,-13,-10,-18,5,-85,2,-85,28,102,-1,-13,8,102,9,112,15,157,31,113,2
262,548,25,-9,-12,25,18,99,25,93,34,119,-5,92,3,76,11,-87,34,-99,-5,-13,-9,-18,5,-89,2,-89,28,100,0,-13,8,100,9,111,15,158,31,111,2
262,548,25,-9,-12,25,18,99,25,93,34,119,-5,92,3,76,11,-87,34,-99,-5,-13,-9,-18,5,-89,2,-89,28,100,0,-13,8,100,9,111,15,158,31,111,2
263,550,26,-8,-12,24,18,102,25,95,36,123,-5,94,3,77,12,-84,37,-100,-5,-14,-9,-18,7,-86,4,-86,28,103,0,-14,8,102,9,113,15,162,32,113,2
263,550,26,-8,-12,24,18,102,25,95,36,123,-5,94,3,77,12,-84,37,-100,-5,-14,-9,-18,7,-86,4,-86,28,103,0,-14,8,102,9,113,15,162,32,113,2
262,547,25,-9,-12,25,18,98,25,92,35,118,-5,92,3,76,11,-89,35,-99,-4,-13,-9,-17,5,-91,2,-91,28,98,0,-13,8,99,9,110,15,156,32,109,2
262,547,25,-9,-12,25,18,98,25,92,35,118,-5,92,3,76,11,-89,35,-99,-4,-13,-9,-17,5,-91,2,-91,28,98,0,-13,8,99,9,110,15,156,32,109,2
262,551,26,-11,-12,26,19,101,26,94,36,119,-4,94,4,75,11,-86,36,-103,-5,-14,-9,-18,5,-87,2,-86,29,101,0,-14,9,102,10,113,16,159,33,111,2
259,550,26,-7,-12,24,19,102,26,95,35,120,-4,93,3,77,11,-84,34,-94,-5,-14,-9,-18,6,-86,3,-86,29,102,-1,-14,9,102,10,112,16,157,32,112,2
259,550,26,-7,-12,24,19,102,26,95,35,120,-4,93,3,77,11,-84,34,-94,-5,-14,-9,-18,6,-86,3,-86,29,102,-1,-14,9,102,10,112,16,157,32,112,2
258,552,25,-11,-11,26,18,99,25,92,35,116,-4,92,3,75,10,-87,33,-103,-5,-13,-9,-17,5,-88,2,-88,28,99,0,-13,9,100,10,110,16,156,31,108,2
258,553,26,-12,-12,27,18,98,25,90,35,112,-5,92,3,72,11,-85,34,-106,-5,-13,-10,-17,6,-85,3,-85,28,97,-1,-13,9,99,10,110,16,153,32,105,2
258,553,26,-12,-12,27,18,98,25,90,35,112,-5,92,3,72,11,-85,34,-106,-5,-13,-10,-17,6,-85,3,-85,28,97,-1,-13,9,99,10,110,16,153,32,105,2
256,556,25,-8,-12,24,18,103,25,96,35,119,-5,95,3,77,10,-85,34,-96,-5,-14,-9,-18,5,-86,2,-86,28,103,-1,-14,8,104,9,114,15,157,31,112,2
256,556,24,-12,-12,26,18,101,25,93,34,112,-5,94,2,75,9,-87,33,-102,-5,-13,-10,-17,4,-88,1,-87,28,100,-1,-14,9,102,10,113,15,152,31,107,2
256,556,24,-12,-12,26,18,101,25,93,34,112,-5,94,2,75,9,-87,33,-102,-5,-13,-10,-17,4,-88,1,-87,28,100,-1,-14,9,102,10,113,15,152,31,107,2
257,554,25,-11,-11,25,19,99,26,92,36,113,-4,93,4,74,10,-85,33,-101,-4,-13,-9,-17,5,-86,2,-85,29,99,0,-14,9,101,11,111,16,153,32,106,2
259,553,26,-10,-12,25,19,98,26,92,35,117,-4,91,3,74,10,-87,34,-100,-4,-13,-9,-17,5,-89,2,-88,29,99,0,-13,9,99,10,110,16,157,32,109,2
259,553,26,-10,-12,25,19,98,26,92,35,117,-4,91,3,74,10,-87,34,-100,-4,-13,-9,-17,5,-89,2,-88,29,99,0,-13,9,99,10,110,16,157,32,109,2
260,551,25,-7,-11,24,18,99,25,93,35,117,-4,90,3,75,10,-84,34,-93,-5,-13,-9,-17,4,-87,1,-86,28,100,-1,-13,9,99,10,109,16,152,32,109,2
262,550,26,-8,-11,23,19,99,26,93,36,116,-4,90,3,74,12,-84,36,-96,-4,-13,-9,-18,6,-87,3,-87,29,99,0,-13,9,98,10,109,16,153,32,108,2
262,550,26,-8,-11,23,19,99,26,93,36,116,-4,90,3,74,12,-84,36,-96,-4,-13,-9,-18,6,-87,3,-87,29,99,0,-13,9,98,10,109,16,153,32,108,2
263,551,26,-7,-12,25,19,102,26,95,36,119,-5,93,3,77,11,-85,37,-93,-5,-13,-9,-17,6,-87,2,-87,29,102,0,-13,9,102,10,112,15,156,32,111,2
264,553,26,-6,-12,24,18,105,25,99,35,126,-5,96,3,79,12,-85,36,-95,-4,-14,-9,-18,6,-88,3,-88,28,107,0,-13,8,105,9,116,15,164,31,117,2
264,551,25,-4,-13,23,16,108,24,102,34,129,-7,97,1,81,11,-87,37,-90,-5,-14,-9,-19,6,-91,3,-91,27,110,-1,-14,7,108,8,118,13,164,30,120,2
263,549,25,-7,-12,24,16,106,23,99,33,121,-6,96,1,78,11,-87,35,-96,-4,-14,-9,-18,6,-91,3,-91,26,106,0,-14,7,106,8,116,13,159,29,114,2
263,549,25,-7,-12,24,16,106,23,99,33,121,-6,96,1,78,11,-87,35,-96,-4,-14,-9,-18,6,-91,3,-91,26,106,0,-14,7,106,8,116,13,159,29,114,2
264,553,26,-9,-12,25,17,104,25,98,35,123,-6,95,2,79,11,-91,37,-101,-4,-14,-9,-19,6,-95,3,-95,27,105,0,-14,7,105,8,115,14,162,31,114,2
264,553,26,-9,-12,25,17,104,25,98,35,123,-6,95,2,79,11,-91,37,-101,-4,-14,-9,-19,6,-95,3,-95,27,105,0,-14,7,105,8,115,14,162,31,114,2
263,551,26,-6,-12,24,18,106,25,100,34,123,-6,95,2,79,12,-88,36,-93,-5,-14,-9,-18,7,-92,4,-92,28,107,-1,-13,8,105,9,116,14,159,31,115,2
263,551,26,-6,-12,24,18,106,25,100,34,123,-6,95,2,79,12,-88,36,-93,-5,-14,-9,-18,7,-92,4,-92,28,107,-1,-13,8,105,9,116,14,159,31,115,2
263,551,25,-7,-12,23,17,105,24,99,34,122,-6,94,2,78,11,-89,37,-97,-4,-14,-9,-19,6,-93,3,-93,27,106,0,-14,7,104,8,115,13,159,31,114,2
263,551,25,-7,-12,23,17,105,24,99,34,122,-6,94,2,78,11,-89,37,-97,-4,-14,-9,-19,6,-93,3,-93,27,106,0,-14,7,104,8,115,13,159,31,114,2
262,552,25,-10,-12,24,18,102,25,95,35,117,-5,94,3,77,10,-92,35,-98,-5,-14,-9,-18,5,-96,2,-96,28,102,-1,-14,8,102,9,113,15,155,32,110,2
262,552,25,-10,-12,24,18,102,25,95,35,117,-5,94,3,77,10,-92,35,-98,-5,-14,-9,-18,5,-96,2,-96,28,102,-1,-14,8,102,9,113,15,155,32,110,2
263,553,26,-7,-12,24,19,106,26,99,36,121,-4,96,3,79,11,-89,36,-92,-5,-13,-9,-17,5,-93,2,-93,29,106,-1,-13,9,106,10,116,16,157,33,114,2
263,553,26,-7,-12,24,19,106,26,99,36,121,-4,96,3,79,11,-89,36,-92,-5,-13,-9,-17,5,-93,2,-93,29,106,-1,-13,9,106,10,116,16,157,33,114,2
264,553,25,-6,-12,24,18,106,25,100,35,123,-5,96,3,80,11,-87,36,-92,-5,-13,-9,-18,6,-91,3,-92,28,107,-1,-13,8,106,9,116,15,160,32,115,2
264,553,25,-6,-12,24,18,106,25,100,35,123,-5,96,3,80,11,-87,36,-92,-5,-13,-9,-18,6,-91,3,-92,28,107,-1,-13,8,106,9,116,15,160,32,115,2
263,553,25,-8,-13,25,18,104,26,97,36,118,-5,95,3,77,10,-89,35,-97,-5,-13,-10,-17,5,-93,2,-93,28,104,-1,-13,8,104,9,115,15,156,32,111,2
263,553,25,-8,-13,25,18,104,26,97,36,118,-5,95,3,77,10,-89,35,-97,-5,-13,-10,-17,5,-93,2,-93,28,104,-1,-13,8,104,9,115,15,156,32,111,2
264,552,26,-8,-12,24,19,102,26,96,36,120,-4,93,3,77,10,-89,36,-97,-5,-14,-9,-18,5,-93,2,-93,29,103,-1,-14,9,102,10,113,16,157,33,112,2
264,552,26,-8,-12,24,19,102,26,96,36,120,-4,93,3,77,10,-89,36,-97,-5,-14,-9,-18,5,-93,2,-93,29,103,-1,-14,9,102,10,113,16,157,33,112,2
262,548,25,-8,-13,22,18,101,25,94,36,118,-6,91,2,76,10,-91,36,-95,-5,-14,-10,-19,5,-96,2,-97,28,101,-1,-14,8,101,9,111,15,153,32,110,2
262,548,25,-8,-13,22,18,101,25,94,36,118,-6,91,2,76,10,-91,36,-95,-5,-14,-10,-19,5,-96,2,-97,28,101,-1,-14,8,101,9,111,15,153,32,110,2
264,595,30,-3,-15,22,21,108,29,102,43,140,-5,100,5,82,13,-77,43,-89,-5,-15,-10,-19,8,-75,5,-75,33,111,0,-13,10,109,11,121,19,178,37,127,3
264,595,30,-3,-15,22,21,108,29,102,43,140,-5,100,5,82,13,-77,43,-89,-5,-15,-10,-19,8,-75,5,-75,33,111,0,-13,10,109,11,121,19,178,37,127,3
265,596,30,0,-16,20,21,113,29,107,43,145,-5,102,5,83,15,-75,44,-84,-5,-16,-11,-21,10,-74,7,-74,33,117,0,-14,10,113,11,125,19,183,37,132,3
265,596,30,0,-16,20,21,113,29,107,43,145,-5,102,5,83,15,-75,44,-84,-5,-16,-11,-21,10,-74,7,-74,33,117,0,-14,10,113,11,125,19,183,37,132,3
264,594,30,0,-15,21,21,108,29,103,42,140,-5,98,5,81,15,-75,44,-85,-5,-15,-10,-20,10,-75,7,-74,32,112,0,-13,10,108,11,120,19,177,37,127,3
264,594,30,0,-15,21,21,108,29,103,42,140,-5,98,5,81,15,-75,44,-85,-5,-15,-10,-20,10,-75,7,-74,32,112,0,-13,10,108,11,120,19,177,37,127,3
265,597,30,1,-14,21,22,111,30,106,44,145,-4,101,6,84,15,-72,44,-83,-5,-15,-10,-20,9,-71,7,-71,34,115,0,-13,11,111,12,123,20,182,39,131,3
265,597,30,1,-14,21,22,111,30,106,44,145,-4,101,6,84,15,-72,44,-83,-5,-15,-10,-20,9,-71,7,-71,34,115,0,-13,11,111,12,123,20,182,39,131,3
264,597,30,-1,-15,21,21,114,30,108,43,147,-4,102,5,84,13,-76,43,-83,-6,-16,-11,-20,7,-76,4,-75,33,118,-1,-14,10,113,11,126,19,184,38,133,3
264,597,30,-1,-15,21,21,114,30,108,43,147,-4,102,5,84,13,-76,43,-83,-6,-16,-11,-20,7,-76,4,-75,33,118,-1,-14,10,113,11,126,19,184,38,133,3
263,596,30,-1,-15,21,21,110,30,105,43,141,-5,100,5,82,15,-75,43,-84,-5,-15,-11,-20,9,-75,6,-75,33,114,0,-14,10,110,11,122,19,178,38,128,3
264,600,30,1,-15,21,21,113,30,108,43,148,-5,102,5,85,13,-76,44,-78,-5,-15,-10,-20,7,-76,5,-75,33,118,0,-13,10,112,11,125,19,184,38,134,3
264,600,30,1,-15,21,21,113,30,108,43,148,-5,102,5,85,13,-76,44,-78,-5,-15,-10,-20,7,-76,5,-75,33,118,0,-13,10,112,11,125,19,184,38,134,3
264,598,30,1,-16,20,20,110,28,105,42,146,-6,100,4,84,15,-74,46,-83,-5,-16,-11,-21,10,-73,7,-73,32,115,0,-14,9,110,10,122,18,181,37,131,3
264,598,30,1,-16,20,20,110,28,105,42,146,-6,100,4,84,15,-74,46,-83,-5,-16,-11,-21,10,-73,7,-73,32,115,0,-14,9,110,10,122,18,181,37,131,3
264,600,30,0,-16,21,21,113,29,108,43,147,-5,103,5,85,14,-74,44,-81,-5,-15,-11,-20,9,-73,6,-72,33,118,-1,-13,10,113,11,125,19,184,38,133,3
264,600,30,0,-16,21,21,113,29,108,43,147,-5,103,5,85,14,-74,44,-81,-5,-15,-11,-20,9,-73,6,-72,33,118,-1,-13,10,113,11,125,19,184,38,133,3
264,599,30,-1,-15,20,21,107,29,102,43,141,-5,97,5,81,16,-73,44,-83,-5,-15,-10,-20,10,-71,8,-71,33,111,0,-13,10,106,11,118,19,177,37,127,3
262,598,29,-5,-15,23,19,108,28,102,40,136,-6,99,4,81,14,-78,42,-92,-5,-15,-11,-19,8,-78,5,-77,31,111,0,-14,9,108,10,120,17,175,35,124,3
262,598,29,-5,-15,23,19,108,28,102,40,136,-6,99,4,81,14,-78,42,-92,-5,-15,-11,-19,8,-78,5,-77,31,111,0,-14,9,108,10,120,17,175,35,124,3
264,600,31,0,-15,21,21,111,30,106,43,146,-5,100,5,84,15,-74,46,-82,-5,-15,-10,-20,9,-73,6,-72,33,116,0,-13,10,110,11,123,19,182,38,132,3
264,600,31,0,-15,21,21,111,30,106,43,146,-5,100,5,84,15,-74,46,-82,-5,-15,-10,-20,9,-73,6,-72,33,116,0,-13,10,110,11,123,19,182,38,132,3
264,600,30,-1,-15,21,21,111,29,106,43,145,-5,101,5,84,16,-75,45,-86,-5,-15,-10,-20,10,-74,8,-73,33,116,0,-13,10,110,11,123,19,183,38,131,3
264,600,30,-1,-15,21,21,111,29,106,43,145,-5,101,5,84,16,-75,45,-86,-5,-15,-10,-20,10,-74,8,-73,33,116,0,-13,10,110,11,123,19,183,38,131,3
263,601,30,-2,-16,21,20,109,29,104,43,145,-6,100,4,85,14,-77,45,-83,-6,-15,-11,-20,8,-76,5,-75,32,114,-1,-14,9,109,10,122,18,183,37,130,3
264,600,30,0,-15,20,21,109,29,104,43,144,-5,99,5,82,15,-72,44,-81,-5,-15,-10,-20,9,-71,6,-71,33,114,0,-13,10,108,11,121,19,180,37,130,3
264,600,30,0,-15,20,21,109,29,104,43,144,-5,99,5,82,15,-72,44,-81,-5,-15,-10,-20,9,-71,6,-71,33,114,0,-13,10,108,11,121,19,180,37,130,3
265,600,31,1,-15,20,22,110,31,106,45,147,-4,100,6,84,16,-74,46,-81,-5,-16,-10,-21,10,-74,8,-73,34,116,0,-14,11,110,12,122,20,182,39,132,3
265,600,31,1,-15,20,22,110,31,106,45,147,-4,100,6,84,16,-74,46,-81,-5,-16,-10,-21,10,-74,8,-73,34,116,0,-14,11,110,12,122,20,182,39,132,3
263,599,30,-2,-15,21,21,108,29,103,43,140,-5,99,5,82,14,-75,43,-86,-6,-15,-11,-20,8,-74,6,-74,33,112,-1,-14,10,108,11,120,19,178,38,127,3
264,601,30,1,-15,21,21,112,29,107,43,148,-5,102,5,85,15,-74,44,-81,-5,-15,-11,-20,10,-73,7,-73,33,117,0,-13,10,112,11,124,19,185,38,133,3
264,601,30,1,-15,21,21,112,29,107,43,148,-5,102,5,85,15,-74,44,-81,-5,-15,-11,-20,10,-73,7,-73,33,117,0,-13,10,112,11,124,19,185,38,133,3
264,596,30,-2,-15,22,20,106,29,101,43,139,-5,97,5,82,15,-78,44,-89,-5,-15,-11,-20,9,-77,6,-77,32,109,0,-14,9,106,11,118,19,176,37,125,3
264,597,30,-3,-14,22,22,110,30,105,43,143,-4,100,5,82,14,-79,43,-87,-5,-15,-10,-20,8,-79,5,-78,33,115,0,-14,10,110,12,122,20,181,38,130,3
264,597,30,-3,-14,22,22,110,30,105,43,143,-4,100,5,82,14,-79,43,-87,-5,-15,-10,-20,8,-79,5,-78,33,115,0,-14,10,110,12,122,20,181,38,130,3
264,600,30,1,-16,21,21,113,29,108,43,145,-5,102,5,84,14,-74,44,-83,-6,-15,-11,-20,8,-72,5,-72,33,117,-1,-13,10,112,11,125,19,183,38,132,3
265,600,30,0,-16,21,20,113,29,107,43,147,-5,102,5,84,15,-77,46,-83,-5,-15,-10,-20,9,-76,7,-76,33,117,0,-14,9,112,10,125,18,183,38,133,3
265,600,30,0,-16,21,20,113,29,107,43,147,-5,102,5,84,15,-77,46,-83,-5,-15,-10,-20,9,-76,7,-76,33,117,0,-14,9,112,10,125,18,183,38,133,3
263,600,31,-2,-16,21,21,107,30,102,44,140,-5,98,5,81,15,-75,44,-86,-5,-15,-11,-20,10,-73,7,-73,34,111,0,-13,10,107,11,119,19,179,38,127,3
262,603,30,0,-15,21,22,111,30,106,43,145,-4,101,5,84,13,-75,43,-81,-5,-15,-11,-20,7,-74,5,-74,34,115,0,-13,10,110,12,123,20,182,38,131,3
262,603,30,0,-15,21,22,111,30,106,43,145,-4,101,5,84,13,-75,43,-81,-5,-15,-11,-20,7,-74,5,-74,34,115,0,-13,10,110,12,123,20,182,38,131,3
262,600,29,-1,-16,21,20,109,29,104,43,140,-5,99,4,83,13,-76,43,-86,-6,-14,-11,-19,8,-75,5,-75,32,113,-1,-13,9,109,10,121,19,178,37,127,3
263,601,31,0,-15,19,21,109,29,104,43,144,-5,100,5,83,16,-74,45,-83,-5,-16,-10,-21,11,-73,8,-73,33,113,0,-14,9,109,11,121,18,181,37,130,3
262,600,30,0,-15,20,20,108,29,103,42,143,-6,98,4,82,16,-73,44,-85,-5,-15,-10,-20,11,-73,8,-73,32,113,0,-13,9,108,10,120,18,180,37,129,3
264,599,31,-4,-15,22,21,107,29,101,43,140,-5,98,5,82,15,-77,45,-88,-5,-15,-10,-19,10,-77,7,-76,33,110,0,-13,9,107,10,119,19,179,38,126,3
264,599,31,-4,-15,22,21,107,29,101,43,140,-5,98,5,82,15,-77,45,-88,-5,-15,-10,-19,10,-77,7,-76,33,110,0,-13,9,107,10,119,19,179,38,126,3
264,598,31,0,-16,19,22,107,30,102,44,142,-4,96,6,81,16,-73,45,-84,-5,-15,-10,-20,11,-73,8,-73,34,112,0,-13,10,105,11,118,20,178,39,127,3
263,597,31,-1,-16,20,21,105,29,100,43,135,-5,94,5,80,16,-73,44,-88,-5,-16,-10,-20,12,-73,9,-73,33,108,0,-13,9,104,11,115,19,173,37,123,3
263,597,31,-1,-16,20,21,105,29,100,43,135,-5,94,5,80,16,-73,44,-88,-5,-16,-10,-20,12,-73,9,-73,33,108,0,-13,9,104,11,115,19,173,37,123,3
263,600,30,-1,-15,21,21,108,30,103,43,140,-4,99,5,82,16,-74,43,-87,-5,-15,-10,-20,11,-73,8,-73,33,112,0,-13,10,108,11,121,20,178,38,127,3
263,600,30,-1,-15,21,21,108,30,103,43,140,-4,99,5,82,16,-74,43,-87,-5,-15,-10,-20,11,-73,8,-73,33,112,0,-13,10,108,11,121,20,178,38,127,3
264,597,31,-2,-16,20,20,106,29,100,43,134,-5,95,5,77,17,-74,44,-90,-5,-15,-10,-20,12,-73,9,-73,33,109,0,-13,9,105,10,117,19,173,37,123,3
264,597,31,-2,-16,20,20,106,29,100,43,134,-5,95,5,77,17,-74,44,-90,-5,-15,-10,-20,12,-73,9,-73,33,109,0,-13,9,105,10,117,19,173,37,123,3
263,600,30,0,-16,21,20,109,29,103,42,141,-6,99,4,81,15,-74,43,-85,-5,-15,-10,-20,10,-74,7,-74,32,113,0,-13,9,109,10,121,18,178,37,128,3
262,601,30,-1,-15,21,20,107,28,102,41,139,-6,98,4,82,16,-74,42,-88,-5,-15,-10,-20,11,-74,8,-74,32,111,0,-13,9,107,10,119,18,178,36,126,3
262,601,30,-1,-15,21,20,107,28,102,41,139,-6,98,4,82,16,-74,42,-88,-5,-15,-10,-20,11,-74,8,-74,32,111,0,-13,9,107,10,119,18,178,36,126,3
262,603,30,0,-16,20,21,108,30,103,43,142,-5,98,5,83,14,-74,43,-81,-6,-15,-11,-20,8,-73,5,-73,33,112,-1,-13,10,107,11,119,20,178,38,128,3
262,601,30,-2,-15,21,21,108,29,102,42,137,-5,98,5,81,16,-76,43,-87,-5,-15,-10,-20,11,-75,8,-75,32,111,0,-13,9,107,11,119,18,174,37,125,3
262,601,30,-2,-15,21,21,108,29,102,42,137,-5,98,5,81,16,-76,43,-87,-5,-15,-10,-20,11,-75,8,-75,32,111,0,-13,9,107,11,119,18,174,37,125,3
262,604,30,0,-15,21,21,108,29,103,43,141,-5,99,5,83,15,-72,43,-83,-5,-15,-10,-19,10,-72,7,-71,33,112,0,-13,10,108,11,120,19,178,37,127,3
261,605,30,0,-14,21,20,110,29,104,41,141,-5,100,4,84,15,-73,42,-82,-5,-15,-10,-19,10,-72,7,-72,32,113,0,-13,9,110,11,122,18,178,36,128,3
261,605,30,0,-14,21,20,110,29,104,41,141,-5,100,4,84,15,-73,42,-82,-5,-15,-10,-19,10,-72,7,-72,32,113,0,-13,9,110,11,122,18,178,36,128,3
259,604,29,-3,-15,21,21,108,29,103,42,141,-5,99,4,83,14,-76,41,-87,-5,-15,-11,-20,9,-75,6,-74,32,112,0,-13,9,108,11,121,18,180,37,127,3
260,604,30,-1,-15,20,20,108,28,103,42,142,-5,98,4,83,15,-75,43,-83,-5,-15,-10,-20,10,-75,7,-75,32,112,0,-13,9,107,10,119,18,179,37,128,3
260,604,30,-1,-15,20,20,108,28,103,42,142,-5,98,4,83,15,-75,43,-83,-5,-15,-10,-20,10,-75,7,-75,32,112,0,-13,9,107,10,119,18,179,37,128,3
259,604,29,-3,-15,21,20,108,28,103,41,140,-5,98,4,82,14,-77,41,-88,-5,-16,-10,-20,8,-76,5,-75,32,112,0,-14,9,108,10,120,18,179,36,127,3
259,605,29,-2,-15,21,21,108,29,103,42,143,-5,100,5,85,13,-77,43,-83,-5,-15,-10,-20,8,-76,5,-75,32,112,0,-14,9,108,11,120,19,180,37,129,3
259,605,29,-2,-15,21,21,108,29,103,42,143,-5,100,5,85,13,-77,43,-83,-5,-15,-10,-20,8,-76,5,-75,32,112,0,-14,9,108,11,120,19,180,37,129,3
261,603,30,-1,-15,20,20,110,29,104,42,143,-5,101,4,85,15,-75,44,-86,-5,-16,-10,-21,10,-74,7,-74,32,113,0,-14,9,110,10,122,18,180,37,129,3
261,603,30,-1,-15,20,20,110,29,104,42,143,-5,101,4,85,15,-75,44,-86,-5,-16,-10,-21,10,-74,7,-74,32,113,0,-14,9,110,10,122,18,180,37,129,3
261,604,29,-4,-15,21,21,109,29,104,43,141,-4,100,5,83,13,-78,43,-88,-5,-15,-10,-20,8,-76,5,-75,33,113,0,-14,10,109,11,121,20,179,38,128,3
261,604,29,-4,-15,21,21,109,29,104,43,141,-4,100,5,83,13,-78,43,-88,-5,-15,-10,-20,8,-76,5,-75,33,113,0,-14,10,109,11,121,20,179,38,128,3
261,604,30,-2,-15,21,21,110,29,104,43,144,-5,100,5,84,15,-77,43,-86,-5,-15,-10,-20,9,-76,7,-76,33,113,0,-14,10,110,11,122,19,182,37,129,3
261,604,30,-2,-15,21,21,110,29,104,43,144,-5,100,5,84,15,-77,43,-86,-5,-15,-10,-20,9,-76,7,-76,33,113,0,-14,10,110,11,122,19,182,37,129,3
259,605,29,1,-15,20,20,112,29,107,42,146,-6,101,4,86,13,-73,43,-80,-5,-15,-11,-20,8,-72,5,-72,32,116,0,-13,9,111,10,123,18,183,37,132,3
259,605,29,1,-15,20,20,112,29,107,42,146,-6,101,4,86,13,-73,43,-80,-5,-15,-11,-20,8,-72,5,-72,32,116,0,-13,9,111,10,123,18,183,37,132,3
261,602,29,-2,-15,21,19,107,28,102,41,140,-6,98,4,81,15,-76,43,-88,-5,-14,-10,-19,9,-75,6,-74,31,111,0,-13,9,107,10,119,17,178,36,127,3
259,602,29,-2,-15,21,20,110,28,106,40,140,-5,99,4,83,14,-77,42,-82,-5,-15,-10,-20,8,-76,5,-75,32,115,0,-14,9,109,10,121,17,176,36,128,3
259,602,29,-2,-15,21,20,110,28,106,40,140,-5,99,4,83,14,-77,42,-82,-5,-15,-10,-20,8,-76,5,-75,32,115,0,-14,9,109,10,121,17,176,36,128,3
260,604,29,-2,-15,21,21,110,29,105,42,141,-5,100,5,84,13,-77,43,-80,-5,-15,-10,-19,7,-77,4,-76,32,114,0,-14,10,109,11,121,18,177,37,128,3
260,604,29,-2,-15,21,21,110,29,105,42,141,-5,100,5,84,13,-77,43,-80,-5,-15,-10,-19,7,-77,4,-76,32,114,0,-14,10,109,11,121,18,177,37,128,3
259,603,29,-1,-14,20,20,111,28,106,41,140,-5,99,4,84,14,-75,42,-81,-5,-15,-10,-20,9,-74,6,-74,32,114,0,-14,9,109,10,121,17,175,36,128,3
259,603,29,-1,-14,20,20,111,28,106,41,140,-5,99,4,84,14,-75,42,-81,-5,-15,-10,-20,9,-74,6,-74,32,114,0,-14,9,109,10,121,17,175,36,128,3
259,604,30,-4,-14,22,21,108,30,103,43,141,-4,99,5,82,13,-79,42,-89,-5,-15,-10,-20,7,-78,4,-77,33,112,0,-14,10,108,12,120,20,180,38,128,3
259,604,30,-4,-14,22,21,108,30,103,43,141,-4,99,5,82,13,-79,42,-89,-5,-15,-10,-20,7,-78,4,-77,33,112,0,-14,10,108,12,120,20,180,38,128,3
260,604,31,-2,-15,22,22,111,30,106,44,144,-4,101,6,84,14,-77,45,-84,-5,-15,-10,-19,8,-76,6,-75,34,116,0,-13,11,110,12,123,20,182,39,131,3
259,603,30,0,-15,20,22,110,30,105,43,141,-4,100,5,83,15,-73,44,-81,-5,-15,-10,-20,10,-72,7,-72,33,115,0,-13,10,109,12,121,19,177,38,129,3
260,603,30,-4,-14,22,21,108,29,103,42,142,-4,98,5,83,13,-79,44,-85,-5,-15,-10,-19,7,-78,4,-77,33,113,0,-14,10,108,11,120,19,179,37,129,3
260,603,30,-4,-14,22,21,108,29,103,42,142,-4,98,5,83,13,-79,44,-85,-5,-15,-10,-19,7,-78,4,-77,33,113,0,-14,10,108,11,120,19,179,37,129,3
260,603,30,-4,-14,23,21,110,29,105,43,138,-4,100,5,83,14,-77,43,-88,-5,-15,-10,-19,8,-77,6,-76,33,113,0,-14,10,110,11,122,19,175,38,126,3
259,602,30,-3,-16,22,22,108,30,103,44,140,-5,99,5,83,15,-78,45,-89,-5,-15,-11,-20,9,-76,6,-76,34,112,0,-14,10,108,11,120,20,178,39,127,3
259,602,30,-3,-16,22,22,108,30,103,44,140,-5,99,5,83,15,-78,45,-89,-5,-15,-11,-20,9,-76,6,-76,34,112,0,-14,10,108,11,120,20,178,39,127,3
260,605,29,-1,-14,21,21,111,29,106,41,145,-4,101,5,84,13,-77,42,-82,-5,-15,-10,-20,8,-76,5,-75,32,115,0,-13,10,110,11,123,19,183,37,131,3
260,605,29,-1,-14,21,21,111,29,106,41,145,-4,101,5,84,13,-77,42,-82,-5,-15,-10,-20,8,-76,5,-75,32,115,0,-13,10,110,11,123,19,183,37,131,3
260,604,29,-1,-15,21,20,109,29,104,41,142,-5,99,5,83,14,-74,43,-84,-5,-15,-10,-19,9,-73,6,-73,32,114,0,-13,9,109,11,121,18,179,37,129,3
260,604,29,-1,-15,21,20,109,29,104,41,142,-5,99,5,83,14,-74,43,-84,-5,-15,-10,-19,9,-73,6,-73,32,114,0,-13,9,109,11,121,18,179,37,129,3
259,604,29,-3,-15,21,21,108,29,103,42,143,-5,99,5,83,14,-77,42,-86,-5,-15,-11,-20,8,-76,5,-75,33,112,0,-14,10,108,11,121,19,181,37,129,3
259,606,29,-1,-15,21,20,112,29,107,41,146,-6,101,4,85,12,-77,42,-81,-6,-15,-11,-20,6,-76,4,-75,32,117,-1,-14,9,111,10,124,18,183,37,132,3
259,606,29,-1,-15,21,20,112,29,107,41,146,-6,101,4,85,12,-77,42,-81,-6,-15,-11,-20,6,-76,4,-75,32,117,-1,-14,9,111,10,124,18,183,37,132,3
261,608,31,2,-15,20,22,115,30,111,44,153,-4,104,5,87,14,-74,44,-76,-5,-16,-10,-21,8,-73,5,-72,34,121,0,-14,10,114,12,127,20,189,38,138,3
261,608,31,2,-15,20,22,115,30,111,44,153,-4,104,5,87,14,-74,44,-76,-5,-16,-10,-21,8,-73,5,-72,34,121,0,-14,10,114,12,127,20,189,38,138,3
261,606,29,0,-15,20,20,110,28,105,41,144,-6,100,4,83,14,-74,42,-83,-6,-15,-11,-20,8,-72,5,-72,31,115,-1,-13,9,109,10,122,18,181,36,130,3
261,606,29,0,-15,20,20,110,28,105,41,144,-6,100,4,83,14,-74,42,-83,-6,-15,-11,-20,8,-72,5,-72,31,115,-1,-13,9,109,10,122,18,181,36,130,3
262,605,29,-5,-14,22,21,109,29,103,42,138,-4,101,5,80,13,-78,42,-90,-5,-15,-10,-19,7,-77,5,-76,33,113,0,-14,10,110,12,122,19,177,37,126,3
262,605,29,-5,-14,22,21,109,29,103,42,138,-4,101,5,80,13,-78,42,-90,-5,-15,-10,-19,7,-77,5,-76,33,113,0,-14,10,110,12,122,19,177,37,126,3
261,605,30,-1,-16,21,20,108,29,103,42,141,-6,98,5,81,14,-74,43,-82,-6,-14,-11,-19,8,-73,5,-73,32,113,-1,-13,9,108,10,120,18,179,37,128,3
261,605,30,-1,-16,21,20,108,29,103,42,141,-6,98,5,81,14,-74,43,-82,-6,-14,-11,-19,8,-73,5,-73,32,113,-1,-13,9,108,10,120,18,179,37,128,3
262,606,30,0,-14,20,21,112,30,107,43,148,-4,101,6,84,14,-77,44,-80,-5,-16,-10,-20,8,-76,5,-75,33,117,0,-14,10,111,12,124,19,183,38,133,3
261,604,30,-1,-14,21,21,109,29,104,42,143,-5,100,5,83,14,-77,43,-83,-5,-15,-10,-19,8,-76,5,-76,33,114,0,-13,10,109,11,122,19,180,37,129,3
260,607,29,0,-15,20,21,111,29,106,42,147,-5,101,5,85,13,-75,43,-80,-6,-16,-11,-21,6,-74,4,-73,33,116,-1,-14,10,111,11,123,19,184,37,133,3
261,607,30,1,-14,20,21,113,29,108,42,149,-4,101,5,86,14,-74,43,-80,-5,-16,-10,-21,8,-74,5,-73,32,118,0,-13,10,112,11,124,19,186,37,135,3
261,607,30,1,-14,20,21,113,29,108,42,149,-4,101,5,86,14,-74,43,-80,-5,-16,-10,-21,8,-74,5,-73,32,118,0,-13,10,112,11,124,19,186,37,135,3
261,609,29,1,-15,20,21,113,29,108,43,149,-5,103,5,86,14,-72,43,-79,-5,-15,-10,-20,8,-70,5,-70,33,117,-1,-13,10,112,11,125,19,185,37,134,3
260,606,29,0,-15,21,21,114,30,109,43,148,-5,104,5,86,12,-75,42,-80,-6,-15,-11,-20,6,-75,4,-74,33,119,-1,-13,10,114,11,126,19,185,38,134,3
260,606,29,0,-15,21,21,114,30,109,43,148,-5,104,5,86,12,-75,42,-80,-6,-15,-11,-20,6,-75,4,-74,33,119,-1,-13,10,114,11,126,19,185,38,134,3
260,607,29,-2,-14,23,21,111,29,105,42,143,-4,102,5,83,13,-77,42,-85,-5,-15,-10,-19,7,-75,5,-74,33,115,0,-13,10,111,11,124,19,182,37,130,3
259,607,28,-1,-15,22,20,110,28,105,41,145,-5,102,4,85,12,-77,41,-81,-5,-15,-11,-19,5,-76,3,-75,32,115,-1,-13,9,111,10,123,18,182,36,131,3
259,607,28,-1,-15,22,20,110,28,105,41,145,-5,102,4,85,12,-77,41,-81,-5,-15,-11,-19,5,-76,3,-75,32,115,-1,-13,9,111,10,123,18,182,36,131,3
260,609,29,0,-15,20,21,111,29,106,43,146,-5,101,5,84,13,-74,42,-79,-6,-15,-11,-20,7,-73,4,-72,33,115,-1,-14,10,111,11,123,19,182,37,131,3
260,609,29,0,-15,20,21,111,29,106,43,146,-5,101,5,84,13,-74,42,-79,-6,-15,-11,-20,7,-73,4,-72,33,115,-1,-14,10,111,11,123,19,182,37,131,3
260,608,28,-1,-14,21,20,112,28,106,40,146,-6,102,4,85,12,-77,41,-82,-5,-15,-10,-20,6,-76,4,-75,31,116,0,-14,9,112,10,124,17,183,35,132,3
260,608,28,-1,-14,21,20,112,28,106,40,146,-6,102,4,85,12,-77,41,-82,-5,-15,-10,-20,6,-76,4,-75,31,116,0,-14,9,112,10,124,17,183,35,132,3
263,608,31,0,-15,20,22,112,30,107,44,149,-4,101,6,85,14,-75,45,-81,-5,-16,-10,-21,8,-74,6,-73,34,117,0,-14,11,111,12,124,20,186,39,134,3
263,608,31,0,-15,20,22,112,30,107,44,149,-4,101,6,85,14,-75,45,-81,-5,-16,-10,-21,8,-74,6,-73,34,117,0,-14,11,111,12,124,20,186,39,134,3
227,590,29,-1,-14,22,22,118,30,112,43,149,-4,110,5,89,11,-78,41,-81,-5,-15,-10,-20,4,-76,2,-75,34,122,-1,-14,11,119,13,131,20,188,38,136
226,586,28,-3,-14,23,22,115,30,109,41,144,-5,106,4,85,11,-80,40,-81,-5,-15,-10,-20,4,-79,2,-78,33,118,0,-14,10,115,12,128,19,183,37,132
226,586,28,-3,-14,23,22,115,30,109,41,144,-5,106,4,85,11,-80,40,-81,-5,-15,-10,-20,4,-79,2,-78,33,118,0,-14,10,115,12,128,19,183,37,132
226,584,29,-2,-14,21,22,112,31,107,43,147,-4,103,5,85,12,-79,41,-79,-5,-16,-10,-20,5,-78,3,-77,34,117,0,-14,11,112,13,125,20,185,38,133
226,584,29,-2,-14,21,22,112,31,107,43,147,-4,103,5,85,12,-79,41,-79,-5,-16,-10,-20,5,-78,3,-77,34,117,0,-14,11,112,13,125,20,185,38,133
226,588,29,0,-13,22,23,117,32,111,44,150,-3,108,6,89,10,-77,40,-75,-5,-15,-10,-19,4,-76,1,-74,35,122,0,-13,12,117,14,130,21,187,39,137
226,588,29,0,-13,22,23,117,32,111,44,150,-3,108,6,89,10,-77,40,-75,-5,-15,-10,-19,4,-76,1,-74,35,122,0,-13,12,117,14,130,21,187,39,137
225,582,28,-4,-14,23,20,113,28,106,40,141,-5,105,4,83,11,-79,39,-88,-5,-15,-10,-19,4,-78,1,-77,32,116,-1,-14,9,114,11,127,18,180,36,129
225,582,28,-4,-14,23,20,113,28,106,40,141,-5,105,4,83,11,-79,39,-88,-5,-15,-10,-19,4,-78,1,-77,32,116,-1,-14,9,114,11,127,18,180,36,129
222,584,27,-2,-14,22,21,118,29,111,40,143,-5,107,3,83,10,-77,38,-79,-6,-15,-11,-20,4,-76,1,-75,32,122,-1,-14,10,118,11,130,18,180,36,133
222,584,27,-2,-14,22,21,118,29,111,40,143,-5,107,3,83,10,-77,38,-79,-6,-15,-11,-20,4,-76,1,-75,32,122,-1,-14,10,118,11,130,18,180,36,133
223,581,27,-3,-14,23,20,114,28,108,39,143,-6,105,3,82,10,-80,37,-83,-6,-14,-11,-19,4,-79,1,-78,32,118,-1,-13,9,114,11,127,17,182,35,131
225,582,29,-1,-14,22,21,116,29,110,41,149,-5,108,4,87,12,-80,41,-79,-5,-16,-10,-20,5,-79,2,-78,33,121,0,-14,10,117,11,130,18,187,37,136
225,582,29,-1,-14,22,21,116,29,110,41,149,-5,108,4,87,12,-80,41,-79,-5,-16,-10,-20,5,-79,2,-78,33,121,0,-14,10,117,11,130,18,187,37,136
226,584,29,-3,-14,22,22,116,31,110,43,150,-4,106,5,87,11,-79,41,-81,-5,-16,-10,-20,4,-78,2,-77,34,121,-1,-14,11,116,13,129,20,189,39,136
225,584,28,-1,-14,22,21,116,29,110,41,148,-5,107,4,87,10,-78,38,-76,-5,-15,-10,-19,3,-78,1,-76,33,120,-1,-14,10,116,12,129,18,185,37,135
225,584,28,-1,-14,22,21,116,29,110,41,148,-5,107,4,87,10,-78,38,-76,-5,-15,-10,-19,3,-78,1,-76,33,120,-1,-14,10,116,12,129,18,185,37,135
227,584,28,-2,-15,23,21,114,29,109,41,148,-5,105,4,86,10,-80,39,-81,-6,-15,-11,-19,4,-79,1,-78,33,119,-1,-14,10,114,11,127,19,186,37,134
227,584,28,-2,-15,23,21,114,29,109,41,148,-5,105,4,86,10,-80,39,-81,-6,-15,-11,-19,4,-79,1,-78,33,119,-1,-14,10,114,11,127,19,186,37,134
230,585,28,0,-14,21,21,117,29,111,41,150,-5,108,4,88,11,-78,41,-79,-5,-17,-11,-21,4,-78,1,-77,33,121,-1,-15,10,117,12,130,19,187,37,137
230,585,28,0,-14,21,21,117,29,111,41,150,-5,108,4,88,11,-78,41,-79,-5,-17,-11,-21,4,-78,1,-77,33,121,-1,-15,10,117,12,130,19,187,37,137
233,587,29,3,-14,20,21,120,29,114,42,154,-5,109,4,90,13,-74,43,-73,-4,-16,-10,-21,7,-74,4,-73,33,124,0,-14,10,120,11,132,18,189,37,140
233,587,29,3,-14,20,21,120,29,114,42,154,-5,109,4,90,13,-74,43,-73,-4,-16,-10,-21,7,-74,4,-73,33,124,0,-14,10,120,11,132,18,189,37,140
235,585,29,1,-15,21,21,116,29,111,42,152,-6,105,4,87,13,-78,43,-79,-5,-16,-10,-20,6,-77,4,-76,32,121,0,-14,9,115,11,128,18,188,37,137
235,585,29,1,-15,21,21,116,29,111,42,152,-6,105,4,87,13,-78,43,-79,-5,-16,-10,-20,6,-77,4,-76,32,121,0,-14,9,115,11,128,18,188,37,137
235,588,30,3,-16,19,20,120,29,115,42,158,-7,108,4,90,13,-76,44,-70,-5,-16,-10,-22,7,-75,4,-75,32,126,0,-14,9,119,10,132,17,194,37,143
235,588,30,3,-16,19,20,120,29,115,42,158,-7,108,4,90,13,-76,44,-70,-5,-16,-10,-22,7,-75,4,-75,32,126,0,-14,9,119,10,132,17,194,37,143
236,589,31,3,-16,19,21,120,30,115,43,157,-6,108,5,88,13,-76,46,-72,-5,-16,-11,-22,7,-75,4,-75,33,126,-1,-14,10,119,11,132,18,191,38,142
235,590,30,2,-15,22,21,127,30,121,42,159,-5,114,4,91,13,-77,44,-77,-5,-16,-10,-21,7,-77,4,-76,33,132,0,-14,10,126,11,139,17,196,37,146
235,590,30,2,-15,22,21,127,30,121,42,159,-5,114,4,91,13,-77,44,-77,-5,-16,-10,-21,7,-77,4,-76,33,132,0,-14,10,126,11,139,17,196,37,146
235,587,30,2,-15,22,21,126,29,120,42,157,-6,114,4,90,13,-79,43,-76,-5,-16,-10,-21,7,-79,4,-78,33,131,0,-14,10,126,11,139,17,194,37,145
235,587,30,2,-15,22,21,126,29,120,42,157,-6,114,4,90,13,-79,43,-76,-5,-16,-10,-21,7,-79,4,-78,33,131,0,-14,10,126,11,139,17,194,37,145
235,588,30,2,-15,21,22,129,30,123,43,163,-5,116,4,92,13,-79,44,-76,-5,-17,-10,-22,6,-78,4,-78,34,134,0,-15,10,128,12,142,18,200,38,149
235,588,29,0,-15,22,22,128,30,122,42,160,-5,115,4,93,11,-85,41,-78,-5,-17,-10,-22,5,-86,2,-85,33,133,0,-15,11,127,12,140,18,198,38,147
235,588,29,0,-15,22,22,128,30,122,42,160,-5,115,4,93,11,-85,41,-78,-5,-17,-10,-22,5,-86,2,-85,33,133,0,-15,11,127,12,140,18,198,38,147
234,587,29,1,-15,23,21,128,30,122,41,159,-6,116,4,94,12,-84,41,-77,-5,-16,-11,-22,5,-86,2,-86,33,133,-1,-15,10,128,11,140,18,197,37,146
234,587,29,1,-15,23,21,128,30,122,41,159,-6,116,4,94,12,-84,41,-77,-5,-16,-11,-22,5,-86,2,-86,33,133,-1,-15,10,128,11,140,18,197,37,146
236,583,30,1,-15,22,21,122,29,117,41,153,-6,110,4,91,15,-83,44,-82,-5,-16,-10,-22,9,-85,6,-85,32,126,0,-15,10,122,11,134,17,191,37,140
236,583,30,1,-15,22,21,122,29,117,41,153,-6,110,4,91,15,-83,44,-82,-5,-16,-10,-22,9,-85,6,-85,32,126,0,-15,10,122,11,134,17,191,37,140
233,589,29,1,-15,21,21,127,29,121,41,159,-6,114,4,94,12,-86,41,-78,-5,-17,-10,-22,6,-88,3,-88,33,131,0,-15,10,126,11,139,18,195,37,145
232,589,28,0,-15,22,20,123,28,117,40,155,-6,111,3,92,12,-86,41,-78,-5,-16,-10,-22,5,-89,2,-88,32,127,0,-15,9,122,10,135,16,192,36,142
232,589,28,0,-15,22,20,123,28,117,40,155,-6,111,3,92,12,-86,41,-78,-5,-16,-10,-22,5,-89,2,-88,32,127,0,-15,9,122,10,135,16,192,36,142
234,591,30,0,-14,22,22,122,30,117,42,157,-5,109,5,92,12,-85,43,-79,-5,-17,-10,-22,5,-86,2,-86,33,127,0,-15,11,121,12,134,19,193,38,143
234,591,30,0,-14,22,22,122,30,117,42,157,-5,109,5,92,12,-85,43,-79,-5,-17,-10,-22,5,-86,2,-86,33,127,0,-15,11,121,12,134,19,193,38,143
232,596,29,3,-14,20,21,125,29,120,41,161,-5,113,4,94,11,-81,41,-74,-5,-17,-11,-22,4,-81,1,-81,33,130,-1,-15,10,124,11,137,18,198,37,146
232,596,29,3,-14,20,21,125,29,120,41,161,-5,113,4,94,11,-81,41,-74,-5,-17,-11,-22,4,-81,1,-81,33,130,-1,-15,10,124,11,137,18,198,37,146
232,593,28,1,-15,21,20,122,28,118,40,158,-6,110,3,92,11,-84,41,-75,-5,-17,-11,-22,5,-85,2,-84,32,128,-1,-15,9,121,10,134,17,193,36,144
232,593,28,1,-15,21,20,122,28,118,40,158,-6,110,3,92,11,-84,41,-75,-5,-17,-11,-22,5,-85,2,-84,32,128,-1,-15,9,121,10,134,17,193,36,144
233,595,29,3,-15,21,21,124,29,119,41,161,-6,112,4,93,13,-80,42,-76,-5,-17,-10,-22,6,-80,3,-79,32,129,0,-15,9,123,11,136,18,197,37,146
233,595,29,3,-15,21,21,124,29,119,41,161,-6,112,4,93,13,-80,42,-76,-5,-17,-10,-22,6,-80,3,-79,32,129,0,-15,9,123,11,136,18,197,37,146
235,594,30,5,-15,19,21,125,29,121,42,165,-6,112,4,93,13,-77,44,-71,-5,-18,-10,-23,7,-77,4,-76,33,132,0,-15,9,124,10,138,17,200,37,149
235,594,30,5,-15,19,21,125,29,121,42,165,-6,112,4,93,13,-77,44,-71,-5,-18,-10,-23,7,-77,4,-76,33,132,0,-15,9,124,10,138,17,200,37,149
237,592,30,3,-15,20,21,123,30,118,43,160,-6,109,4,89,13,-77,44,-74,-5,-16,-10,-21,6,-77,4,-76,33,129,0,-14,10,121,11,135,18,196,38,145
239,591,31,2,-15,20,22,121,30,116,44,158,-5,110,5,90,14,-78,46,-76,-5,-17,-10,-22,7,-78,4,-77,34,127,0,-15,10,121,12,134,19,194,39,143
239,591,31,2,-15,20,22,121,30,116,44,158,-5,110,5,90,14,-78,46,-76,-5,-17,-10,-22,7,-78,4,-77,34,127,0,-15,10,121,12,134,19,194,39,143
238,592,31,1,-15,22,23,121,31,116,44,156,-4,110,6,89,13,-77,45,-78,-5,-16,-10,-21,7,-76,4,-75,35,126,0,-14,11,121,12,134,20,194,39,142
238,592,31,1,-15,22,23,121,31,116,44,156,-4,110,6,89,13,-77,45,-78,-5,-16,-10,-21,7,-76,4,-75,35,126,0,-14,11,121,12,134,20,194,39,142
237,590,31,0,-15,22,23,118,31,112,45,153,-4,108,6,87,13,-78,44,-77,-5,-16,-10,-21,7,-78,4,-77,35,123,0,-14,11,118,13,131,20,191,40,139
237,590,31,0,-15,22,23,118,31,112,45,153,-4,108,6,87,13,-78,44,-77,-5,-16,-10,-21,7,-78,4,-77,35,123,0,-14,11,118,13,131,20,191,40,139
237,593,31,1,-16,22,24,120,33,114,47,154,-4,109,6,89,13,-77,45,-75,-5,-15,-11,-20,7,-76,4,-75,36,125,0,-14,12,120,13,133,21,192,41,140
236,596,30,3,-16,20,22,121,30,115,44,156,-5,110,5,89,13,-72,44,-71,-6,-16,-11,-21,6,-71,4,-71,34,126,-1,-14,10,120,11,133,19,192,39,142
239,593,31,2,-16,21,22,119,31,114,46,155,-5,108,6,88,14,-76,47,-76,-5,-15,-11,-21,7,-75,5,-74,35,125,0,-13,11,119,12,132,20,192,40,141
238,595,31,3,-16,19,22,120,31,116,45,160,-5,108,5,90,13,-75,47,-69,-5,-16,-11,-22,7,-74,4,-73,35,127,0,-14,10,119,11,132,19,195,40,144
238,595,31,3,-16,19,22,120,31,116,45,160,-5,108,5,90,13,-75,47,-69,-5,-16,-11,-22,7,-74,4,-73,35,127,0,-14,10,119,11,132,19,195,40,144
239,597,32,6,-16,18,23,123,32,119,46,164,-5,110,6,92,15,-73,47,-66,-5,-16,-10,-22,8,-73,6,-72,35,130,0,-14,11,122,12,135,20,198,40,148
239,597,32,6,-16,18,23,123,32,119,46,164,-5,110,6,92,15,-73,47,-66,-5,-16,-10,-22,8,-73,6,-72,35,130,0,-14,11,122,12,135,20,198,40,148
239,595,31,2,-16,20,23,119,32,114,46,157,-5,108,6,89,13,-77,47,-73,-5,-16,-11,-21,6,-77,4,-76,36,125,0,-14,11,119,12,132,21,192,41,142
239,595,31,2,-16,20,23,119,32,114,46,157,-5,108,6,89,13,-77,47,-73,-5,-16,-11,-21,6,-77,4,-76,36,125,0,-14,11,119,12,132,21,192,41,142
238,598,31,2,-16,20,22,119,31,114,45,156,-5,109,5,90,13,-74,46,-75,-6,-15,-11,-20,6,-73,4,-72,35,125,-1,-13,11,119,12,132,20,193,40,141
238,598,31,2,-16,20,22,119,31,114,45,156,-5,109,5,90,13,-74,46,-75,-6,-15,-11,-20,6,-73,4,-72,35,125,-1,-13,11,119,12,132,20,193,40,141
239,601,31,0,-16,21,23,119,32,113,46,155,-4,109,6,88,13,-78,46,-76,-5,-15,-10,-20,6,-77,4,-75,35,124,0,-14,11,118,13,132,20,192,40,140
239,603,30,-1,-16,21,22,117,31,112,44,154,-5,107,5,87,12,-78,44,-77,-6,-16,-11,-21,6,-76,3,-75,35,123,-1,-14,10,116,12,130,19,193,39,139
241,601,31,-1,-15,21,23,118,32,113,45,154,-4,105,6,85,14,-80,45,-77,-5,-16,-10,-21,7,-80,5,-79,35,124,0,-14,11,116,12,130,20,191,40,140
241,601,31,-1,-15,21,23,118,32,113,45,154,-4,105,6,85,14,-80,45,-77,-5,-16,-10,-21,7,-80,5,-79,35,124,0,-14,11,116,12,130,20,191,40,140
241,602,31,2,-16,20,22,119,31,114,45,157,-5,108,5,89,13,-74,46,-74,-5,-16,-11,-21,7,-73,4,-72,34,125,0,-14,10,119,11,132,19,194,39,142
241,602,31,2,-16,20,22,119,31,114,45,157,-5,108,5,89,13,-74,46,-74,-5,-16,-11,-21,7,-73,4,-72,34,125,0,-14,10,119,11,132,19,194,39,142
239,604,31,2,-15,20,23,121,31,117,45,160,-4,109,6,90,13,-77,45,-70,-5,-16,-10,-21,6,-76,3,-75,35,127,0,-14,11,120,12,133,20,196,40,144
239,604,31,2,-15,20,23,121,31,117,45,160,-4,109,6,90,13,-77,45,-70,-5,-16,-10,-21,6,-76,3,-75,35,127,0,-14,11,120,12,133,20,196,40,144
237,606,30,1,-15,20,23,119,32,114,45,157,-4,108,6,90,12,-75,43,-69,-5,-15,-10,-20,5,-74,3,-73,35,124,0,-14,12,118,13,131,21,193,40,141
237,606,30,1,-15,20,23,119,32,114,45,157,-4,108,6,90,12,-75,43,-69,-5,-15,-10,-20,5,-74,3,-73,35,124,0,-14,12,118,13,131,21,193,40,141
236,605,31,1,-15,20,24,119,33,114,46,158,-4,109,7,91,13,-74,44,-73,-5,-16,-10,-21,6,-73,3,-72,36,125,0,-14,12,119,14,132,22,196,41,142
235,605,30,3,-15,19,23,121,31,115,44,158,-4,111,5,91,12,-72,42,-69,-5,-16,-11,-21,5,-71,3,-70,35,126,-1,-14,11,121,13,134,20,195,39,143
235,604,30,4,-16,19,21,119,30,115,43,161,-6,106,4,90,13,-74,43,-68,-5,-16,-11,-21,7,-73,4,-72,34,126,0,-13,10,117,11,130,19,196,38,144
235,604,30,4,-16,19,21,119,30,115,43,161,-6,106,4,90,13,-74,43,-68,-5,-16,-11,-21,7,-73,4,-72,34,126,0,-13,10,117,11,130,19,196,38,144
235,607,30,5,-15,18,23,121,32,117,44,163,-4,110,6,92,13,-72,42,-65,-5,-17,-10,-22,6,-72,3,-71,35,128,0,-14,11,120,13,133,20,198,39,146
235,607,30,5,-15,18,23,121,32,117,44,163,-4,110,6,92,13,-72,42,-65,-5,-17,-10,-22,6,-72,3,-71,35,128,0,-14,11,120,13,133,20,198,39,146
234,606,30,3,-15,19,23,122,31,117,44,160,-5,110,5,91,12,-76,42,-70,-5,-17,-11,-22,5,-76,2,-75,35,128,0,-15,11,120,12,134,20,196,39,145
234,606,30,3,-15,19,23,122,31,117,44,160,-5,110,5,91,12,-76,42,-70,-5,-17,-11,-22,5,-76,2,-75,35,128,0,-15,11,120,12,134,20,196,39,145
234,611,30,4,-15,19,22,124,31,120,43,166,-5,110,5,93,12,-77,41,-65,-5,-17,-11,-22,5,-77,2,-76,34,132,0,-14,11,122,12,136,19,202,38,150
234,611,30,4,-15,19,22,124,31,120,43,166,-5,110,5,93,12,-77,41,-65,-5,-17,-11,-22,5,-77,2,-76,34,132,0,-14,11,122,12,136,19,202,38,150
234,612,30,5,-15,18,23,124,32,119,45,164,-5,112,5,93,13,-72,43,-66,-5,-17,-10,-22,6,-71,4,-70,35,130,0,-14,11,123,13,137,20,200,40,148
234,612,30,5,-15,18,23,124,32,119,45,164,-5,112,5,93,13,-72,43,-66,-5,-17,-10,-22,6,-71,4,-70,35,130,0,-14,11,123,13,137,20,200,40,148
235,611,30,5,-16,19,23,123,32,119,45,164,-4,112,5,93,12,-73,42,-64,-6,-17,-11,-22,5,-73,2,-72,35,130,-1,-14,11,122,13,136,21,200,40,148
234,607,29,2,-15,20,22,121,30,116,43,159,-5,109,4,91,11,-78,42,-70,-6,-16,-11,-21,4,-78,2,-77,34,127,-1,-14,10,120,12,133,19,195,38,144
234,607,29,2,-15,20,22,121,30,116,43,159,-5,109,4,91,11,-78,42,-70,-6,-16,-11,-21,4,-78,2,-77,34,127,-1,-14,10,120,12,133,19,195,38,144
237,609,30,0,-15,22,22,119,31,114,44,157,-5,108,5,89,11,-81,42,-74,-5,-15,-11,-20,5,-80,2,-79,34,125,0,-14,11,118,12,132,20,194,39,142
237,609,30,0,-15,22,22,119,31,114,44,157,-5,108,5,89,11,-81,42,-74,-5,-15,-11,-20,5,-80,2,-79,34,125,0,-14,11,118,12,132,20,194,39,142
249,536,26,-8,-12,27,20,121,27,111,36,135,-4,115,3,88,11,-81,34,-96,-4,-15,-9,-19,5,-79,3,-77,30,120,0,-15,10,123,11,135,16,179,33,128
244,542,26,-6,-13,25,21,122,28,114,36,140,-4,116,3,89,10,-79,32,-88,-5,-15,-10,-20,4,-77,2,-76,31,123,0,-15,11,124,12,137,17,183,34,132
244,542,26,-6,-13,25,21,122,28,114,36,140,-4,116,3,89,10,-79,32,-88,-5,-15,-10,-20,4,-77,2,-76,31,123,0,-15,11,124,12,137,17,183,34,132
243,545,26,-5,-13,26,21,128,28,120,37,147,-5,120,2,92,10,-81,33,-85,-5,-15,-10,-20,4,-79,1,-78,31,130,0,-15,10,130,12,142,16,190,34,138
243,545,26,-5,-13,26,21,128,28,120,37,147,-5,120,2,92,10,-81,33,-85,-5,-15,-10,-20,4,-79,1,-78,31,130,0,-15,10,130,12,142,16,190,34,138
241,548,27,-5,-13,26,21,129,29,121,37,148,-5,121,2,93,11,-83,35,-87,-5,-15,-10,-20,5,-82,2,-81,32,131,0,-15,10,131,12,144,16,192,35,140
242,548,28,-2,-14,24,20,130,27,122,37,154,-7,120,2,95,12,-80,38,-87,-5,-17,-10,-22,6,-79,3,-78,30,132,0,-15,9,131,10,144,14,196,34,143
242,548,28,-2,-14,24,20,130,27,122,37,154,-7,120,2,95,12,-80,38,-87,-5,-17,-10,-22,6,-79,3,-78,30,132,0,-15,9,131,10,144,14,196,34,143
244,550,29,-1,-14,23,22,132,30,125,40,157,-5,121,3,95,13,-79,40,-84,-5,-17,-10,-22,6,-78,3,-77,33,135,0,-15,10,133,12,146,17,198,37,146
244,550,29,-1,-14,23,22,132,30,125,40,157,-5,121,3,95,13,-79,40,-84,-5,-17,-10,-22,6,-78,3,-77,33,135,0,-15,10,133,12,146,17,198,37,146
243,552,29,-2,-15,24,22,129,30,121,41,156,-6,120,3,94,12,-82,39,-84,-6,-16,-11,-21,5,-81,2,-80,33,132,-1,-15,10,130,11,143,18,198,37,144
243,552,29,-2,-15,24,22,129,30,121,41,156,-6,120,3,94,12,-82,39,-84,-6,-16,-11,-21,5,-81,2,-80,33,132,-1,-15,10,130,11,143,18,198,37,144
248,552,31,0,-16,23,23,131,31,124,44,163,-5,121,5,97,13,-81,44,-81,-6,-17,-11,-22,6,-80,3,-79,35,135,-1,-15,11,131,12,145,20,203,39,149
248,552,31,0,-16,23,23,131,31,124,44,163,-5,121,5,97,13,-81,44,-81,-6,-17,-11,-22,6,-80,3,-79,35,135,-1,-15,11,131,12,145,20,203,39,149
251,553,32,2,-16,22,23,131,32,125,46,167,-5,120,5,98,14,-80,47,-78,-6,-17,-11,-22,8,-79,5,-78,36,136,0,-15,11,130,12,144,20,206,41,152
251,553,32,2,-16,22,23,131,32,125,46,167,-5,120,5,98,14,-80,47,-78,-6,-17,-11,-22,8,-79,5,-78,36,136,0,-15,11,130,12,144,20,206,41,152
252,556,31,3,-16,20,22,134,31,128,44,171,-6,121,4,99,13,-78,44,-75,-6,-18,-11,-23,7,-77,4,-77,34,140,-1,-15,10,133,12,147,19,210,39,156
252,556,31,3,-16,20,22,134,31,128,44,171,-6,121,4,99,13,-78,44,-75,-6,-18,-11,-23,7,-77,4,-77,34,140,-1,-15,10,133,12,147,19,210,39,156
255,553,32,1,-16,22,23,129,32,123,46,164,-5,118,5,95,15,-81,47,-80,-5,-17,-11,-22,9,-81,6,-80,35,134,0,-15,11,129,12,143,20,202,40,149
255,553,32,1,-16,22,23,129,32,123,46,164,-5,118,5,95,15,-81,47,-80,-5,-17,-11,-22,9,-81,6,-80,35,134,0,-15,11,129,12,143,20,202,40,149
255,556,32,4,-15,20,24,134,33,129,47,174,-4,119,6,99,14,-79,46,-71,-5,-18,-11,-23,7,-78,4,-78,36,141,0,-15,12,132,13,146,21,212,41,158
255,556,32,4,-15,20,24,134,33,129,47,174,-4,119,6,99,14,-79,46,-71,-5,-18,-11,-23,7,-78,4,-78,36,141,0,-15,12,132,13,146,21,212,41,158
256,552,32,5,-17,21,22,133,31,127,45,172,-6,119,5,97,15,-78,48,-75,-6,-18,-11,-23,8,-78,6,-77,35,139,-1,-15,10,132,11,146,19,209,40,156
256,552,32,5,-17,21,22,133,31,127,45,172,-6,119,5,97,15,-78,48,-75,-6,-18,-11,-23,8,-78,6,-77,35,139,-1,-15,10,132,11,146,19,209,40,156
255,552,32,5,-16,20,22,131,30,126,44,169,-6,117,4,97,15,-79,47,-73,-5,-17,-10,-23,9,-79,6,-78,34,137,0,-15,10,129,11,143,18,205,39,154
255,552,32,5,-16,20,22,131,30,126,44,169,-6,117,4,97,15,-79,47,-73,-5,-17,-10,-23,9,-79,6,-78,34,137,0,-15,10,129,11,143,18,205,39,154
256,550,33,6,-15,20,23,132,31,127,45,170,-5,118,5,96,15,-76,47,-75,-5,-17,-10,-23,9,-75,6,-75,35,138,0,-14,11,131,12,145,19,208,40,155
254,550,32,2,-16,21,23,130,32,125,45,166,-5,116,5,94,14,-79,46,-79,-6,-17,-11,-23,7,-78,4,-78,35,136,0,-15,11,129,12,143,20,204,40,152
254,550,32,2,-16,21,23,130,32,125,45,166,-5,116,5,94,14,-79,46,-79,-6,-17,-11,-23,7,-78,4,-78,35,136,0,-15,11,129,12,143,20,204,40,152
254,550,31,0,-16,23,22,130,31,124,44,162,-6,117,4,95,14,-83,45,-84,-5,-17,-11,-22,7,-84,4,-83,34,134,0,-15,10,129,12,143,18,200,39,148
254,550,31,0,-16,23,22,130,31,124,44,162,-6,117,4,95,14,-83,45,-84,-5,-17,-11,-22,7,-84,4,-83,34,134,0,-15,10,129,12,143,18,200,39,148
253,554,31,3,-16,22,22,131,31,125,44,169,-6,119,4,98,14,-81,44,-79,-6,-17,-11,-23,8,-80,5,-80,34,137,-1,-15,10,130,12,144,19,208,39,154
254,549,31,0,-16,22,22,126,31,120,44,158,-6,114,5,94,15,-83,44,-88,-6,-17,-11,-22,10,-84,6,-84,35,130,0,-15,10,126,12,139,19,199,39,145
254,549,31,0,-16,22,22,126,31,120,44,158,-6,114,5,94,15,-83,44,-88,-6,-17,-11,-22,10,-84,6,-84,35,130,0,-15,10,126,12,139,19,199,39,145
253,549,31,0,-15,22,23,127,32,121,44,160,-5,115,5,96,14,-85,44,-85,-5,-17,-11,-22,8,-86,5,-86,35,131,0,-15,11,126,12,139,20,199,39,146
253,549,31,0,-15,22,23,127,32,121,44,160,-5,115,5,96,14,-85,44,-85,-5,-17,-11,-22,8,-86,5,-86,35,131,0,-15,11,126,12,139,20,199,39,146
254,549,31,-1,-16,23,21,127,30,120,43,160,-6,115,4,94,15,-84,45,-92,-6,-17,-11,-23,9,-83,6,-83,34,131,-1,-15,10,126,11,140,18,201,39,146
254,549,31,-1,-16,23,21,127,30,120,43,160,-6,115,4,94,15,-84,45,-92,-6,-17,-11,-23,9,-83,6,-83,34,131,-1,-15,10,126,11,140,18,201,39,146
254,549,31,-1,-16,23,21,124,30,118,43,155,-6,113,4,92,15,-83,43,-92,-6,-16,-11,-22,9,-83,6,-83,33,128,-1,-14,9,124,11,137,18,197,38,142
254,549,31,-1,-16,23,21,124,30,118,43,155,-6,113,4,92,15,-83,43,-92,-6,-16,-11,-22,9,-83,6,-83,33,128,-1,-14,9,124,11,137,18,197,38,142
254,550,31,1,-15,21,21,123,30,118,43,158,-6,111,4,93,16,-80,43,-89,-5,-17,-11,-23,11,-80,8,-80,34,128,0,-15,10,122,11,136,18,198,38,143
254,550,31,1,-15,21,21,123,30,118,43,158,-6,111,4,93,16,-80,43,-89,-5,-17,-11,-23,11,-80,8,-80,34,128,0,-15,10,122,11,136,18,198,38,143
254,553,32,0,-16,22,22,127,31,121,44,161,-6,115,4,94,15,-80,45,-85,-6,-17,-12,-22,9,-80,6,-80,35,132,-1,-15,10,127,12,140,19,201,39,147
254,553,32,0,-16,22,22,127,31,121,44,161,-6,115,4,94,15,-80,45,-85,-6,-17,-12,-22,9,-80,6,-80,35,132,-1,-15,10,127,12,140,19,201,39,147
254,554,32,2,-16,21,23,128,32,122,46,164,-5,116,5,96,14,-81,44,-85,-6,-18,-12,-24,9,-82,5,-82,36,133,-1,-15,11,127,13,141,21,204,41,149
254,554,32,2,-16,21,23,128,32,122,46,164,-5,116,5,96,14,-81,44,-85,-6,-18,-12,-24,9,-82,5,-82,36,133,-1,-15,11,127,13,141,21,204,41,149
254,556,32,5,-15,21,22,129,31,124,44,166,-5,116,4,96,16,-77,44,-83,-5,-17,-10,-23,10,-77,7,-77,34,135,0,-14,10,128,12,142,19,205,39,151
254,556,32,5,-15,21,22,129,31,124,44,166,-5,116,4,96,16,-77,44,-83,-5,-17,-10,-23,10,-77,7,-77,34,135,0,-14,10,128,12,142,19,205,39,151
254,555,33,2,-16,21,22,127,31,121,44,164,-6,114,5,94,17,-78,46,-87,-5,-18,-11,-24,11,-77,8,-77,35,132,0,-15,10,126,11,140,19,204,39,149
252,557,31,3,-16,21,22,126,31,121,44,163,-6,114,4,94,15,-79,45,-80,-6,-17,-11,-22,8,-79,5,-79,34,132,-1,-14,10,125,11,139,19,201,39,148
252,557,31,3,-16,21,22,126,31,121,44,163,-6,114,4,94,15,-79,45,-80,-6,-17,-11,-22,8,-79,5,-79,34,132,-1,-14,10,125,11,139,19,201,39,148
253,558,32,3,-17,19,23,126,32,121,45,167,-6,113,5,94,16,-75,46,-78,-6,-17,-11,-23,10,-74,7,-75,35,133,0,-14,10,125,12,139,20,206,40,150
253,558,32,3,-17,19,23,126,32,121,45,167,-6,113,5,94,16,-75,46,-78,-6,-17,-11,-23,10,-74,7,-75,35,133,0,-14,10,125,12,139,20,206,40,150
251,562,32,3,-16,19,22,127,31,122,43,163,-6,115,4,94,15,-74,43,-74,-5,-17,-11,-23,9,-73,6,-73,35,133,0,-14,10,126,12,140,19,201,39,149
252,561,33,5,-16,18,22,126,31,121,44,165,-7,113,4,93,17,-72,46,-77,-5,-17,-11,-23,11,-70,8,-71,34,132,0,-14,9,124,11,138,18,203,39,149
252,561,33,5,-16,18,22,126,31,121,44,165,-7,113,4,93,17,-72,46,-77,-5,-17,-11,-23,11,-70,8,-71,34,132,0,-14,9,124,11,138,18,203,39,149
251,559,32,5,-17,18,21,126,30,121,43,166,-7,112,3,93,16,-73,45,-75,-6,-17,-11,-23,10,-72,7,-73,34,133,0,-14,9,124,10,138,17,203,38,150
251,559,32,5,-17,18,21,126,30,121,43,166,-7,112,3,93,16,-73,45,-75,-6,-17,-11,-23,10,-72,7,-73,34,133,0,-14,9,124,10,138,17,203,38,150
252,565,32,6,-17,18,21,128,30,122,43,166,-7,116,4,95,16,-70,45,-74,-6,-18,-11,-23,11,-70,8,-70,34,133,0,-14,9,127,11,141,18,204,38,150
250,563,31,6,-17,17,20,126,29,121,41,166,-8,114,2,94,17,-71,43,-76,-6,-18,-12,-24,11,-70,8,-71,32,133,0,-14,8,125,9,139,16,204,37,150
250,563,31,6,-17,17,20,126,29,121,41,166,-8,114,2,94,17,-71,43,-76,-6,-18,-12,-24,11,-70,8,-71,32,133,0,-14,8,125,9,139,16,204,37,150
251,562,31,3,-17,19,20,125,29,119,41,161,-8,112,2,92,16,-74,43,-81,-6,-17,-11,-23,11,-73,8,-74,32,130,0,-14,8,124,9,137,16,200,37,146
251,562,31,3,-17,19,20,125,29,119,41,161,-8,112,2,92,16,-74,43,-81,-6,-17,-11,-23,11,-73,8,-74,32,130,0,-14,8,124,9,137,16,200,37,146
250,566,31,4,-17,18,21,127,30,121,43,164,-7,115,3,94,15,-72,43,-78,-6,-18,-11,-24,10,-72,7,-72,34,132,0,-14,9,126,11,140,18,203,38,149
250,562,32,4,-17,20,21,126,30,121,42,162,-7,114,3,93,17,-75,43,-81,-5,-17,-11,-23,11,-74,8,-75,34,132,0,-14,9,125,10,139,17,202,38,147
250,562,32,4,-17,20,21,126,30,121,42,162,-7,114,3,93,17,-75,43,-81,-5,-17,-11,-23,11,-74,8,-75,34,132,0,-14,9,125,10,139,17,202,38,147
251,564,33,6,-17,18,21,127,30,121,43,166,-7,115,3,94,18,-70,44,-78,-5,-18,-11,-24,13,-69,9,-70,34,133,0,-14,9,126,11,140,18,205,38,150
251,564,33,6,-17,18,21,127,30,121,43,166,-7,115,3,94,18,-70,44,-78,-5,-18,-11,-24,13,-69,9,-70,34,133,0,-14,9,126,11,140,18,205,38,150
251,563,32,5,-17,18,21,124,30,119,44,163,-7,111,3,92,17,-72,44,-78,-6,-17,-12,-23,12,-71,8,-72,34,130,0,-14,9,123,10,137,18,202,38,147
251,563,32,5,-17,18,21,124,30,119,44,163,-7,111,3,92,17,-72,44,-78,-6,-17,-12,-23,12,-71,8,-72,34,130,0,-14,9,123,10,137,18,202,38,147
250,568,32,6,-17,18,22,132,31,126,43,170,-7,117,3,96,15,-72,43,-75,-6,-18,-12,-23,10,-71,7,-71,34,138,0,-14,10,130,11,144,18,209,39,154
250,568,32,6,-17,18,22,132,31,126,43,170,-7,117,3,96,15,-72,43,-75,-6,-18,-12,-23,10,-71,7,-71,34,138,0,-14,10,130,11,144,18,209,39,154
250,567,32,5,-17,19,21,128,30,122,42,163,-7,116,3,94,17,-71,43,-77,-5,-17,-11,-23,12,-71,8,-72,33,134,0,-14,9,128,10,141,17,202,38,149
250,567,32,5,-17,19,21,128,30,122,42,163,-7,116,3,94,17,-71,43,-77,-5,-17,-11,-23,12,-71,8,-72,33,134,0,-14,9,128,10,141,17,202,38,149
251,567,32,6,-17,18,22,128,31,122,44,166,-6,115,4,95,17,-72,44,-77,-5,-18,-11,-24,11,-72,8,-73,34,133,0,-14,10,127,11,141,19,204,39,150
249,569,31,6,-18,19,21,131,30,125,42,169,-8,118,2,97,15,-75,43,-71,-6,-18,-12,-24,9,-76,6,-76,33,137,0,-15,9,130,10,144,16,207,37,153
249,569,31,6,-18,19,21,131,30,125,42,169,-8,118,2,97,15,-75,43,-71,-6,-18,-12,-24,9,-76,6,-76,33,137,0,-15,9,130,10,144,16,207,37,153
251,571,32,5,-16,19,22,129,31,124,44,169,-6,116,4,96,15,-76,43,-69,-5,-17,-11,-22,9,-76,5,-76,35,136,0,-14,10,128,12,142,18,206,39,153
251,571,32,5,-16,19,22,129,31,124,44,169,-6,116,4,96,15,-76,43,-69,-5,-17,-11,-22,9,-76,5,-76,35,136,0,-14,10,128,12,142,18,206,39,153
249,573,30,5,-16,20,22,131,31,126,43,171,-6,119,4,98,12,-81,41,-68,-5,-17,-11,-23,5,-82,2,-81,35,138,0,-15,11,131,12,145,19,208,39,155
249,573,30,5,-16,20,22,131,31,126,43,171,-6,119,4,98,12,-81,41,-68,-5,-17,-11,-23,5,-82,2,-81,35,138,0,-15,11,131,12,145,19,208,39,155
251,574,30,4,-15,20,22,131,30,126,43,172,-6,119,4,100,12,-82,44,-67,-5,-17,-11,-23,5,-83,2,-82,34,137,0,-15,10,130,11,144,18,208,38,155
251,574,30,4,-15,20,22,131,30,126,43,172,-6,119,4,100,12,-82,44,-67,-5,-17,-11,-23,5,-83,2,-82,34,137,0,-15,10,130,11,144,18,208,38,155
250,578,29,2,-15,21,22,133,31,128,43,172,-6,121,4,101,10,-85,41,-65,-5,-17,-11,-22,3,-87,0,-86,34,140,-1,-15,11,132,12,146,18,209,38,156
250,578,29,2,-15,21,22,133,31,128,43,172,-6,121,4,101,10,-85,41,-65,-5,-17,-11,-22,3,-87,0,-86,34,140,-1,-15,11,132,12,146,18,209,38,156
250,574,29,4,-15,21,20,132,29,127,41,173,-7,121,3,100,12,-84,42,-71,-5,-18,-10,-23,5,-85,2,-84,32,138,0,-15,9,132,10,145,16,209,36,156
251,574,31,2,-14,21,24,130,32,125,45,171,-4,118,5,99,12,-84,43,-68,-5,-17,-10,-22,4,-85,1,-84,36,137,0,-15,12,129,13,143,20,208,40,155
251,574,31,2,-14,21,24,130,32,125,45,171,-4,118,5,99,12,-84,43,-68,-5,-17,-10,-22,4,-85,1,-84,36,137,0,-15,12,129,13,143,20,208,40,155
250,575,30,5,-15,20,22,133,30,128,43,176,-6,120,4,100,13,-80,43,-65,-5,-17,-10,-22,6,-81,3,-80,34,140,0,-14,10,132,12,146,18,211,38,158
250,575,30,5,-15,20,22,133,30,128,43,176,-6,120,4,100,13,-80,43,-65,-5,-17,-10,-22,6,-81,3,-80,34,140,0,-14,10,132,12,146,18,211,38,158
251,575,30,4,-15,21,22,132,30,127,43,172,-6,120,4,99,12,-81,44,-68,-6,-17,-11,-22,5,-81,2,-81,34,139,-1,-15,10,131,11,145,18,208,38,156
251,575,30,4,-15,21,22,132,30,127,43,172,-6,120,4,99,12,-81,44,-68,-6,-17,-11,-22,5,-81,2,-81,34,139,-1,-15,10,131,11,145,18,208,38,156
249,575,30,4,-15,20,22,132,30,127,43,173,-6,119,4,99,11,-83,43,-65,-6,-17,-11,-23,4,-84,1,-83,34,139,-1,-15,10,131,11,145,18,208,38,157
249,575,30,3,-16,21,21,131,30,126,43,171,-6,118,4,99,11,-85,43,-72,-6,-17,-11,-23,4,-86,1,-85,34,138,-1,-15,10,130,11,144,18,208,38,155
249,575,30,3,-16,21,21,131,30,126,43,171,-6,118,4,99,11,-85,43,-72,-6,-17,-11,-23,4,-86,1,-85,34,138,-1,-15,10,130,11,144,18,208,38,155
249,574,29,1,-14,22,21,130,30,125,41,169,-6,117,3,98,12,-86,40,-76,-5,-17,-10,-22,5,-88,2,-88,33,136,0,-15,10,128,11,142,18,207,37,153
250,570,30,-1,-15,22,22,129,31,123,43,163,-5,116,4,97,12,-88,43,-82,-5,-17,-11,-22,6,-90,2,-90,34,133,0,-15,10,128,12,141,19,203,39,149
250,570,30,-1,-15,22,22,129,31,123,43,163,-5,116,4,97,12,-88,43,-82,-5,-17,-11,-22,6,-90,2,-90,34,133,0,-15,10,128,12,141,19,203,39,149
250,568,30,-5,-14,24,23,126,31,120,43,157,-5,115,4,95,11,-93,42,-87,-5,-15,-10,-20,4,-95,1,-95,35,130,0,-15,11,126,13,139,19,197,39,144
250,568,30,-5,-14,24,23,126,31,120,43,157,-5,115,4,95,11,-93,42,-87,-5,-15,-10,-20,4,-95,1,-95,35,130,0,-15,11,126,13,139,19,197,39,144
251,568,31,-2,-14,22,23,129,31,123,44,162,-5,117,4,98,13,-90,44,-85,-5,-17,-10,-23,6,-93,3,-93,35,133,0,-15,11,128,12,142,19,202,39,148
251,568,31,-2,-14,22,23,129,31,123,44,162,-5,117,4,98,13,-90,44,-85,-5,-17,-10,-23,6,-93,3,-93,35,133,0,-15,11,128,12,142,19,202,39,148
250,573,30,-3,-15,24,24,131,32,125,44,162,-5,120,5,99,11,-93,42,-82,-6,-16,-11,-21,4,-97,0,-96,36,135,-1,-15,12,131,13,144,20,203,40,149
250,573,30,-3,-15,24,24,131,32,125,44,162,-5,120,5,99,11,-93,42,-82,-6,-16,-11,-21,4,-97,0,-96,36,135,-1,-15,12,131,13,144,20,203,40,149
250,573,30,-1,-15,23,23,132,31,126,44,165,-5,119,4,100,12,-89,43,-81,-5,-16,-11,-21,5,-92,2,-91,35,137,-1,-15,11,131,12,144,19,204,39,151
250,571,31,-5,-15,24,24,128,32,122,45,160,-5,116,5,95,12,-93,42,-88,-6,-16,-11,-21,5,-95,2,-95,36,133,-1,-15,12,128,13,141,20,201,40,147
251,573,31,-2,-14,24,23,131,32,125,44,163,-5,119,5,95,12,-89,43,-84,-5,-16,-10,-21,5,-90,2,-90,36,136,0,-15,12,131,13,145,20,204,40,150
251,573,31,-2,-14,24,23,131,32,125,44,163,-5,119,5,95,12,-89,43,-84,-5,-16,-10,-21,5,-90,2,-90,36,136,0,-15,12,131,13,145,20,204,40,150
250,571,30,-2,-15,23,22,127,30,121,43,162,-6,115,4,93,12,-90,43,-85,-5,-17,-11,-22,6,-91,2,-90,34,132,0,-15,10,126,11,140,18,202,38,148
250,571,30,-2,-15,23,22,127,30,121,43,162,-6,115,4,93,12,-90,43,-85,-5,-17,-11,-22,6,-91,2,-90,34,132,0,-15,10,126,11,140,18,202,38,148
249,575,30,3,-16,22,22,129,30,124,43,167,-6,118,4,95,12,-82,42,-77,-5,-17,-11,-23,6,-82,3,-81,34,135,0,-15,10,129,11,143,19,207,39,152
249,575,30,3,-16,22,22,129,30,124,43,167,-6,118,4,95,12,-82,42,-77,-5,-17,-11,-23,6,-82,3,-81,34,135,0,-15,10,129,11,143,19,207,39,152
249,575,31,2,-16,22,22,129,30,124,43,167,-7,118,4,95,13,-83,43,-77,-5,-17,-11,-22,6,-83,3,-82,34,135,0,-15,10,129,11,143,18,206,39,152
249,575,31,2,-16,22,22,129,30,124,43,167,-7,118,4,95,13,-83,43,-77,-5,-17,-11,-22,6,-83,3,-82,34,135,0,-15,10,129,11,143,18,206,39,152
250,574,31,1,-17,22,22,128,31,121,45,163,-6,117,4,93,13,-80,44,-80,-6,-16,-12,-22,6,-80,3,-79,35,132,-1,-14,10,128,12,142,19,204,40,148
250,574,31,1,-17,22,22,128,31,121,45,163,-6,117,4,93,13,-80,44,-80,-6,-16,-12,-22,6,-80,3,-79,35,132,-1,-14,10,128,12,142,19,204,40,148
249,575,31,1,-16,21,23,129,32,123,45,165,-5,116,5,93,12,-80,42,-77,-5,-17,-11,-22,6,-79,3,-78,36,135,0,-15,11,128,13,142,20,205,40,150
250,576,31,4,-16,21,23,128,32,122,45,167,-5,116,5,92,14,-76,43,-77,-5,-17,-11,-22,7,-75,4,-74,35,134,0,-14,11,127,12,141,20,206,40,151
250,576,31,4,-16,21,23,128,32,122,45,167,-5,116,5,92,14,-76,43,-77,-5,-17,-11,-22,7,-75,4,-74,35,134,0,-14,11,127,12,141,20,206,40,151
251,575,31,0,-16,22,23,128,31,121,45,163,-6,116,4,92,13,-82,45,-81,-6,-16,-11,-21,7,-81,4,-80,35,133,-1,-14,11,127,12,141,19,203,40,149
251,575,31,0,-16,22,23,128,31,121,45,163,-6,116,4,92,13,-82,45,-81,-6,-16,-11,-21,7,-81,4,-80,35,133,-1,-14,11,127,12,141,19,203,40,149
250,577,31,3,-16,21,24,127,33,121,46,168,-5,117,5,95,13,-79,44,-76,-6,-17,-12,-23,6,-78,3,-77,36,133,-1,-15,11,127,13,142,21,207,41,151
250,577,31,3,-16,21,24,127,33,121,46,168,-5,117,5,95,13,-79,44,-76,-6,-17,-12,-23,6,-78,3,-77,36,133,-1,-15,11,127,13,142,21,207,41,151
250,575,31,2,-16,21,24,127,33,122,46,166,-5,114,5,94,13,-80,44,-75,-6,-17,-11,-22,6,-79,3,-78,36,134,-1,-15,12,125,13,139,21,204,41,151
250,575,31,2,-16,21,24,127,33,122,46,166,-5,114,5,94,13,-80,44,-75,-6,-17,-11,-22,6,-79,3,-78,36,134,-1,-15,12,125,13,139,21,204,41,151
